"programme";"organisme";"dateobs";"observateurs";"taxon_latin";"cd_nom";"critere";"effectif";"remarques";"altitude";"x_WGS84";"y_WGS84"
"Contact vertébrés";"Parc National des Ecrins";"2008-10-07";"TELMON Jean-Philippe";"Accipiter nisus (Linnaeus, 1758)";2895;"Vu";1;;1180;"6.53244504242756";"44.7528601561426"
"Contact vertébrés";"Parc National des Ecrins";"2009-04-06";"TELMON Jean-Philippe";"Accipiter nisus (Linnaeus, 1758)";2895;"Vu";1;;;"6.43905810290941";"44.7393536103024"
"Contact vertébrés";"Parc National des Ecrins";"2008-02-27";"NICOLAS Marie-Geneviève";"Aegolius funereus (Linnaeus, 1758)";3533;"Entendu";1;;1840;"6.43975323681341";"44.7331494007873"
"Contact invertébrés";"Parc National des Ecrins";"2008-02-28";"NICOLAS Marie-Geneviève";"Aglais urticae (Linnaeus, 1758)";53754;"adulte observé de corps";3;;1740;"6.44468790075941";"44.7375497484086"
"Contact invertébrés";"Parc National des Ecrins";"2008-03-02";"NICOLAS Marie-Geneviève";"Aglais urticae (Linnaeus, 1758)";53754;"adulte observé de corps";2;;1420;"6.54800214454508";"44.7563469870844"
"Contact vertébrés";"Parc National des Ecrins";"2008-02-26";"TELMON Jean-Philippe";"Alauda arvensis Linnaeus, 1758";3676;"Mâle chanteur";3;;1140;"6.57105111152827";"44.7401967679158"
"STOC EPS";"Parc National des Ecrins";"2009-05-29";"Chevalier Robert";"Alauda arvensis Linnaeus, 1758";3676;"Entendu";3;"Heure début : 08h04";;"6.50684625425234";"44.7272892236858"
"STOC EPS";"Parc National des Ecrins";"2009-06-24";"Faure Joël";"Alauda arvensis Linnaeus, 1758";3676;"Entendu";2;"Heure début : 08h00";2040;"6.50684625425234";"44.7272892236858"
"STOC EPS";"Parc National des Ecrins";"2010-06-07";"Chevalier Robert";"Alauda arvensis Linnaeus, 1758";3676;"Entendu";3;"Heure début : 08h30";;"6.50551719218858";"44.7384539799073"
"STOC EPS";"Parc National des Ecrins";"2010-06-07";"Chevalier Robert";"Alauda arvensis Linnaeus, 1758";3676;"Entendu";2;"Heure début : 08h50";;"6.50512096265321";"44.7316057474943"
"STOC EPS";"Parc National des Ecrins";"2010-06-07";"Chevalier Robert";"Alauda arvensis Linnaeus, 1758";3676;"Entendu";1;"Heure début : 09h10";2040;"6.50684625425234";"44.7272892236858"
"STOC EPS";"Parc National des Ecrins";"2010-06-21";"Semiond Patrice";"Alauda arvensis Linnaeus, 1758";3676;"Entendu";4;"Heure début : 08h10";;"6.50512096265321";"44.7316057474943"
"STOC EPS";"Parc National des Ecrins";"2010-06-21";"Semiond Patrice";"Alauda arvensis Linnaeus, 1758";3676;"Entendu";1;"Heure début : 08h30";2040;"6.50684625425234";"44.7272892236858"
"Contact vertébrés";"Parc National des Ecrins";"2008-03-08";"MAILLET Thierry";"Alectoris graeca (Meisner, 1804)";2971;"Vu";2;;2200;"6.39773769727612";"44.7440543031704"
"Contact vertébrés";"Parc National des Ecrins";"2008-03-25";"TELMON Jean-Philippe";"Alectoris graeca (Meisner, 1804)";2971;"Vu";5;;;"6.4283480776327";"44.7463444031855"
"Contact vertébrés";"Parc National des Ecrins";"2008-03-25";"TELMON Jean-Philippe";"Alectoris graeca (Meisner, 1804)";2971;"Vu";2;;;"6.42669345462254";"44.7467030296879"
"Contact vertébrés";"Parc National des Ecrins";"2008-04-18";"TELMON Jean-Philippe";"Alectoris graeca (Meisner, 1804)";2971;"Traces ou indices de présence";1;;;"6.42770778120435";"44.7457107158113"
"Contact vertébrés";"Parc National des Ecrins";"2008-09-10";"CHEVALIER Robert";"Alectoris graeca (Meisner, 1804)";2971;"Vu";3;;2040;"6.50128559547079";"44.7351728956946"
"Contact vertébrés";"Parc National des Ecrins";"2008-11-20";"CHEVALIER Robert";"Alectoris graeca (Meisner, 1804)";2971;"Vu";4;;2140;"6.42217228002939";"44.7465735212975"
"Contact vertébrés";"Parc National des Ecrins";"2008-11-21";"TELMON Jean-Philippe";"Alectoris graeca (Meisner, 1804)";2971;"Traces ou indices de présence";1;;2200;"6.41513972547844";"44.7457982879902"
"Contact vertébrés";"Parc National des Ecrins";"2009-11-06";"TELMON Jean-Philippe";"Alectoris graeca (Meisner, 1804)";2971;"Vu";3;;1800;"6.44498010832659";"44.7396373334342"
"Contact vertébrés";"Parc National des Ecrins";"2009-11-06";"TELMON Jean-Philippe";"Alectoris graeca (Meisner, 1804)";2971;"Vu";5;;2140;"6.4214751419458";"44.7465453253909"
"Contact vertébrés";"Parc National des Ecrins";"2009-11-06";"TELMON Jean-Philippe";"Alectoris graeca (Meisner, 1804)";2971;"Vu";7;;2140;"6.42116740880175";"44.7464846811468"
"Contact invertébrés";"Parc National des Ecrins";"2009-04-13";"NICOLAS Marie-Geneviève";"Anthocharis cardamines (Linnaeus, 1758)";54451;"adulte observé de corps";1;;1180;"6.53177346467793";"44.7526695544673"
"STOC EPS";"Parc National des Ecrins";"2008-06-24";"Chevalier Robert";"Anthus spinoletta (Linnaeus, 1758)";3733;"Entendu";2;"Heure début : 08h10";2020;"6.50512096265321";"44.7316057474943"
"STOC EPS";"Parc National des Ecrins";"2008-06-24";"Chevalier Robert";"Anthus spinoletta (Linnaeus, 1758)";3733;"Entendu";1;"Heure début : 08h30";2040;"6.50684625425234";"44.7272892236858"
"Contact vertébrés";"Parc National des Ecrins";"2009-04-06";"TELMON Jean-Philippe";"Anthus spinoletta (Linnaeus, 1758)";3733;"Mâle chanteur";2;;2200;"6.39308992513306";"44.7416497458452"
"Contact vertébrés";"Parc National des Ecrins";"2009-05-20";"NICOLAS Marie-Geneviève";"Anthus spinoletta (Linnaeus, 1758)";3733;"Entendu";1;;2220;"6.47356573816163";"44.7538519661827"
"Contact vertébrés";"Parc National des Ecrins";"2010-04-17";"TELMON Jean-Philippe";"Anthus spinoletta (Linnaeus, 1758)";3733;"Mâle chanteur";3;;2180;"6.43045943765022";"44.7304600041035"
"STOC EPS";"Parc National des Ecrins";"2010-06-07";"Chevalier Robert";"Anthus spinoletta (Linnaeus, 1758)";3733;"Entendu";1;"Heure début : 08h30";2000;"6.50551719218858";"44.7384539799073"
"STOC EPS";"Parc National des Ecrins";"2008-06-24";"Chevalier Robert";"Anthus trivialis (Linnaeus, 1758)";3723;"Entendu";1;"Heure début : 08h50";1940;"6.50197253846581";"44.7259694772202"
"STOC EPS";"Parc National des Ecrins";"2008-06-24";"Chevalier Robert";"Anthus trivialis (Linnaeus, 1758)";3723;"Entendu";1;"Heure début : 07h45";2000;"6.50551719218858";"44.7384539799073"
"STOC EPS";"Parc National des Ecrins";"2008-06-24";"Chevalier Robert";"Anthus trivialis (Linnaeus, 1758)";3723;"Entendu";1;"Heure début : 08h30";2040;"6.50684625425234";"44.7272892236858"
"STOC EPS";"Parc National des Ecrins";"2009-05-29";"Chevalier Robert";"Anthus trivialis (Linnaeus, 1758)";3723;"Entendu";1;"Heure début : 07h05";1840;"6.5212893643203";"44.7410175323082"
"STOC EPS";"Parc National des Ecrins";"2009-05-29";"Chevalier Robert";"Anthus trivialis (Linnaeus, 1758)";3723;"Entendu";1;"Heure début : 07h15";1900;"6.51507200316557";"44.740848166782"
"STOC EPS";"Parc National des Ecrins";"2009-05-29";"Chevalier Robert";"Anthus trivialis (Linnaeus, 1758)";3723;"Entendu";1;"Heure début : 08h40";1940;"6.50197253846581";"44.7259694772202"
"STOC EPS";"Parc National des Ecrins";"2009-05-29";"Chevalier Robert";"Anthus trivialis (Linnaeus, 1758)";3723;"Entendu";2;"Heure début : 07h50";2020;"6.50512096265321";"44.7316057474943"
"STOC EPS";"Parc National des Ecrins";"2009-06-24";"Faure Joël";"Anthus trivialis (Linnaeus, 1758)";3723;"Entendu";1;"Heure début : 06h20";1840;"6.5212893643203";"44.7410175323082"
"STOC EPS";"Parc National des Ecrins";"2009-06-24";"Faure Joël";"Anthus trivialis (Linnaeus, 1758)";3723;"Entendu";2;"Heure début : 06h27";1900;"6.51507200316557";"44.740848166782"
"STOC EPS";"Parc National des Ecrins";"2009-06-24";"Faure Joël";"Anthus trivialis (Linnaeus, 1758)";3723;"Entendu";1;"Heure début : 06h35";1960;"6.51042373040439";"44.7395201844961"
"STOC EPS";"Parc National des Ecrins";"2009-06-24";"Faure Joël";"Anthus trivialis (Linnaeus, 1758)";3723;"Entendu";2;"Heure début : 06h52";2020;"6.50512096265321";"44.7316057474943"
"STOC EPS";"Parc National des Ecrins";"2009-06-24";"Faure Joël";"Anthus trivialis (Linnaeus, 1758)";3723;"Entendu";1;"Heure début : 08h00";2040;"6.50684625425234";"44.7272892236858"
"STOC EPS";"Parc National des Ecrins";"2010-06-07";"Chevalier Robert";"Anthus trivialis (Linnaeus, 1758)";3723;"Entendu";3;"Heure début : 07h25";1840;"6.5212893643203";"44.7410175323082"
"STOC EPS";"Parc National des Ecrins";"2010-06-07";"Chevalier Robert";"Anthus trivialis (Linnaeus, 1758)";3723;"Entendu";1;"Heure début : 07h45";1900;"6.51507200316557";"44.740848166782"
"STOC EPS";"Parc National des Ecrins";"2010-06-07";"Chevalier Robert";"Anthus trivialis (Linnaeus, 1758)";3723;"Entendu";2;"Heure début : 07h00";1900;"6.53119699126166";"44.7374793452825"
"STOC EPS";"Parc National des Ecrins";"2010-06-07";"Chevalier Robert";"Anthus trivialis (Linnaeus, 1758)";3723;"Entendu";2;"Heure début : 07h20";1900;"6.52614494917933";"44.7383560940515"
"STOC EPS";"Parc National des Ecrins";"2010-06-07";"Chevalier Robert";"Anthus trivialis (Linnaeus, 1758)";3723;"Entendu";2;"Heure début : 08h30";2000;"6.50551719218858";"44.7384539799073"
"STOC EPS";"Parc National des Ecrins";"2010-06-07";"Chevalier Robert";"Anthus trivialis (Linnaeus, 1758)";3723;"Entendu";2;"Heure début : 09h10";2040;"6.50684625425234";"44.7272892236858"
"STOC EPS";"Parc National des Ecrins";"2010-06-21";"Semiond Patrice";"Anthus trivialis (Linnaeus, 1758)";3723;"Entendu";2;"Heure début : 06h35";1840;"6.5212893643203";"44.7410175323082"
"STOC EPS";"Parc National des Ecrins";"2010-06-21";"Semiond Patrice";"Anthus trivialis (Linnaeus, 1758)";3723;"Entendu";1;"Heure début : 06h45";1900;"6.51507200316557";"44.740848166782"
"STOC EPS";"Parc National des Ecrins";"2010-06-21";"Semiond Patrice";"Anthus trivialis (Linnaeus, 1758)";3723;"Entendu";2;"Heure début : 06h05";1900;"6.53119699126166";"44.7374793452825"
"STOC EPS";"Parc National des Ecrins";"2010-06-21";"Semiond Patrice";"Anthus trivialis (Linnaeus, 1758)";3723;"Entendu";2;"Heure début : 06h15";1900;"6.52614494917933";"44.7383560940515"
"STOC EPS";"Parc National des Ecrins";"2010-06-21";"Semiond Patrice";"Anthus trivialis (Linnaeus, 1758)";3723;"Entendu";2;"Heure début : 08h45";1940;"6.50197253846581";"44.7259694772202"
"STOC EPS";"Parc National des Ecrins";"2010-06-21";"Semiond Patrice";"Anthus trivialis (Linnaeus, 1758)";3723;"Entendu";1;"Heure début : 07h10";2000;"6.50551719218858";"44.7384539799073"
"Contact vertébrés";"Parc National des Ecrins";"2008-02-13";"TELMON Jean-Philippe";"Aquila chrysaetos (Linnaeus, 1758)";2645;"Vu";1;;1800;"6.43942948566595";"44.7406276873232"
"Contact vertébrés";"Parc National des Ecrins";"2008-02-17";"TELMON Jean-Philippe";"Aquila chrysaetos (Linnaeus, 1758)";2645;"Vu";1;;1780;"6.44819954105724";"44.7395983132036"
"Contact vertébrés";"Parc National des Ecrins";"2008-02-19";"TELMON Jean-Philippe";"Aquila chrysaetos (Linnaeus, 1758)";2645;"Vu";1;;2680;"6.38992442395174";"44.751159535125"
"Contact vertébrés";"Parc National des Ecrins";"2008-02-24";"TELMON Jean-Philippe";"Aquila chrysaetos (Linnaeus, 1758)";2645;"Couple";2;;1860;"6.51057958534343";"44.7589863945726"
"Contact vertébrés";"Parc National des Ecrins";"2008-03-01";"TELMON Jean-Philippe";"Aquila chrysaetos (Linnaeus, 1758)";2645;"Vu";2;;1580;"6.55326384898857";"44.7567222705878"
"Contact vertébrés";"Parc National des Ecrins";"2008-03-07";"TELMON Jean-Philippe";"Aquila chrysaetos (Linnaeus, 1758)";2645;"Couple";2;;1580;"6.56126895409083";"44.7554249486341"
"Contact vertébrés";"Parc National des Ecrins";"2008-03-16";"TELMON Jean-Philippe";"Aquila chrysaetos (Linnaeus, 1758)";2645;"Couple";2;;1580;"6.56116596186795";"44.7557351384475"
"Contact vertébrés";"Parc National des Ecrins";"2008-04-18";"TELMON Jean-Philippe";"Aquila chrysaetos (Linnaeus, 1758)";2645;"Vu";3;;2280;"6.49138215001142";"44.7599008015151"
"Contact vertébrés";"Parc National des Ecrins";"2008-07-22";"CHEVALIER Robert";"Aquila chrysaetos (Linnaeus, 1758)";2645;"Vu";1;;2760;"6.44335544706802";"44.6849399866336"
"Contact vertébrés";"Parc National des Ecrins";"2008-08-16";"CHEVALIER Robert";"Aquila chrysaetos (Linnaeus, 1758)";2645;"Vu";1;;1960;"6.44124419819391";"44.7431449265862"
"Contact vertébrés";"Parc National des Ecrins";"2008-08-29";"CHEVALIER Robert";"Aquila chrysaetos (Linnaeus, 1758)";2645;"Vu";1;;1320;"6.56100937858941";"44.7581820714294"
"Contact vertébrés";"Parc National des Ecrins";"2008-10-07";"TELMON Jean-Philippe";"Aquila chrysaetos (Linnaeus, 1758)";2645;"Vu";1;;2360;"6.44899796440612";"44.6995535382929"
"Contact vertébrés";"Parc National des Ecrins";"2008-10-14";"TELMON Jean-Philippe";"Aquila chrysaetos (Linnaeus, 1758)";2645;"Vu";1;;2660;"6.38737119864798";"44.7515055701232"
"Contact vertébrés";"Parc National des Ecrins";"2008-11-21";"TELMON Jean-Philippe";"Aquila chrysaetos (Linnaeus, 1758)";2645;"Vu";2;;2360;"6.41949562287374";"44.7356941487165"
"Contact vertébrés";"Parc National des Ecrins";"2008-11-27";"CHEVALIER Robert";"Aquila chrysaetos (Linnaeus, 1758)";2645;"Vu";3;;1880;"6.53392562176132";"44.7678814551489"
"Contact vertébrés";"Parc National des Ecrins";"2009-02-11";"TELMON Jean-Philippe";"Aquila chrysaetos (Linnaeus, 1758)";2645;"Vu";2;;2140;"6.45079340537659";"44.7456618769861"
"Contact vertébrés";"Parc National des Ecrins";"2009-03-02";"TELMON Jean-Philippe";"Aquila chrysaetos (Linnaeus, 1758)";2645;"Vu";1;;1640;"6.47545338224381";"44.7351105092803"
"Contact vertébrés";"Parc National des Ecrins";"2009-03-30";"TELMON Jean-Philippe";"Aquila chrysaetos (Linnaeus, 1758)";2645;"Vu";1;;1800;"6.48956911219687";"44.7511425718157"
"Contact vertébrés";"Parc National des Ecrins";"2009-03-30";"TELMON Jean-Philippe";"Aquila chrysaetos (Linnaeus, 1758)";2645;"Couple";2;;2260;"6.46416034012469";"44.7486925950449"
"Contact vertébrés";"Parc National des Ecrins";"2009-06-20";"CHEVALIER Robert";"Aquila chrysaetos (Linnaeus, 1758)";2645;"Vu";2;;2080;"6.50568364060657";"44.7326378088162"
"Contact vertébrés";"Parc National des Ecrins";"2009-10-01";"TELMON Jean-Philippe";"Aquila chrysaetos (Linnaeus, 1758)";2645;"Vu";2;;2940;"6.3936284347516";"44.7567511391995"
"Contact vertébrés";"Parc National des Ecrins";"2009-11-06";"TELMON Jean-Philippe";"Aquila chrysaetos (Linnaeus, 1758)";2645;"Vu";2;;2340;"6.41460145360909";"44.7481237943872"
"Contact vertébrés";"Parc National des Ecrins";"2009-12-14";"TELMON Jean-Philippe";"Aquila chrysaetos (Linnaeus, 1758)";2645;"Vu";1;;2060;"6.42871396227291";"44.745817460137"
"Contact vertébrés";"Parc National des Ecrins";"2010-02-27";"TELMON Jean-Philippe";"Aquila chrysaetos (Linnaeus, 1758)";2645;"Vu";1;;1420;"6.56544413691718";"44.7504550225155"
"Contact vertébrés";"Parc National des Ecrins";"2010-05-18";"TELMON Jean-Philippe";"Aquila chrysaetos (Linnaeus, 1758)";2645;"Vu";1;;1640;"6.496328247512";"44.7352881083144"
"Suivi chiroptères";"Parc National des Ecrins";"2010-05-25";"NICOLAS Marie-Geneviève";"Barbastella barbastellus (Schreber, 1774)";60345;"Vu";12;"Maison Issautier - volet - ";1180;"6.5348704356167";"44.7528398510682"
"Suivi chiroptères";"Parc National des Ecrins";"2010-09-01";"NICOLAS Marie-Geneviève";"Barbastella barbastellus (Schreber, 1774)";60345;"Vu";22;"Maison Issautier - volet - ";1180;"6.5348704356167";"44.7528398510682"
"Contact vertébrés";"Parc National des Ecrins";"2008-10-07";"TELMON Jean-Philippe";"Buteo buteo (Linnaeus, 1758)";2623;"Vu";2;;2000;"6.43691310022479";"44.7316340001579"
"Contact vertébrés";"Parc National des Ecrins";"2008-11-21";"TELMON Jean-Philippe";"Buteo buteo (Linnaeus, 1758)";2623;"Vu";1;;1160;"6.55339012673983";"44.7488362587815"
"Contact vertébrés";"Parc National des Ecrins";"2008-11-27";"CHEVALIER Robert";"Buteo buteo (Linnaeus, 1758)";2623;"Vu";1;;1960;"6.52977262740755";"44.7694896180348"
"Contact vertébrés";"Parc National des Ecrins";"2009-05-06";"TELMON Jean-Philippe";"Buteo buteo (Linnaeus, 1758)";2623;"Vu";1;;1340;"6.49295017323246";"44.7440799790563"
"Bouquetin";"Parc National des Ecrins";"2008-07-13";"CHEVALIER Robert";"Capra ibex Linnaeus, 1758";61098;"Vu";1;;2420;"6.45750115494853";"44.715239845492"
"Bouquetin";"Parc National des Ecrins";"2008-07-30";"CHENAL Philip";"Capra ibex Linnaeus, 1758";61098;"Vu";1;;3000;"6.3653365141418";"44.7356502386835"
"Bouquetin";"Parc National des Ecrins";"2009-02-11";"TELMON Jean-Philippe";"Capra ibex Linnaeus, 1758";61098;"Vu";2;;2160;"6.41483832796256";"44.7446503062977"
"Bouquetin";"Parc National des Ecrins";"2009-07-04";"SEMIOND Patrice";"Capra ibex Linnaeus, 1758";61098;"Vu";3;;1940;"6.43295194719269";"44.7438047187832"
"Bouquetin";"Parc National des Ecrins";"2009-07-25";"DEVAL Pierre";"Capra ibex Linnaeus, 1758";61098;"Vu";1;;2360;"6.45534019687143";"44.7086511156186"
"Bouquetin";"Parc National des Ecrins";"2009-08-05";"TELMON Jean-Philippe";"Capra ibex Linnaeus, 1758";61098;"Vu";4;;2320;"6.43958967458736";"44.6996012028295"
"Bouquetin";"Parc National des Ecrins";"2009-11-06";"TELMON Jean-Philippe";"Capra ibex Linnaeus, 1758";61098;"Vu";3;;2100;"6.42158856628308";"44.74690029773"
"Bouquetin";"Parc National des Ecrins";"2009-11-12";"TELMON Jean-Philippe";"Capra ibex Linnaeus, 1758";61098;"Vu";3;;2000;"6.41933850017541";"44.7446503266201"
"Bouquetin";"Parc National des Ecrins";"2009-11-20";"CHEVALIER Robert";"Capra ibex Linnaeus, 1758";61098;"Vu";3;;2000;"6.42383865239482";"44.7469003078874"
"Bouquetin";"Parc National des Ecrins";"2009-11-21";"DELENATTE Blandine";"Capra ibex Linnaeus, 1758";61098;"Vu";3;;2140;"6.41708841406859";"44.7446503164597"
"Bouquetin";"Parc National des Ecrins";"2009-11-27";"TELMON Jean-Philippe";"Capra ibex Linnaeus, 1758";61098;"Vu";3;;2020;"6.41933850017541";"44.7446503266201"
"Bouquetin";"Parc National des Ecrins";"2009-12-10";"TELMON Jean-Philippe";"Capra ibex Linnaeus, 1758";61098;"Vu";3;;1980;"6.41933850017541";"44.7446503266201"
"Bouquetin";"Parc National des Ecrins";"2009-12-14";"TELMON Jean-Philippe";"Capra ibex Linnaeus, 1758";61098;"Vu";3;;2100;"6.42158856628308";"44.74690029773"
"Bouquetin";"Parc National des Ecrins";"2010-01-13";"TELMON Jean-Philippe";"Capra ibex Linnaeus, 1758";61098;"Vu";3;;2120;"6.42158856628308";"44.74690029773"
"Bouquetin";"Parc National des Ecrins";"2010-02-07";"SEMIOND Patrice";"Capra ibex Linnaeus, 1758";61098;"Vu";3;;1940;"6.42158858628301";"44.7446503367787"
"Bouquetin";"Parc National des Ecrins";"2010-02-21";"DELENATTE Blandine";"Capra ibex Linnaeus, 1758";61098;"Vu";3;;2500;"6.4035878373573";"44.7514001383504"
"Bouquetin";"Parc National des Ecrins";"2010-03-08";"TELMON Jean-Philippe";"Capra ibex Linnaeus, 1758";61098;"Vu";3;;2500;"6.4035878373573";"44.7514001383504"
"Bouquetin";"Parc National des Ecrins";"2010-03-20";"TELMON Jean-Philippe";"Capra ibex Linnaeus, 1758";61098;"Vu";2;;2100;"6.42597438647397";"44.7467207072849"
"Bouquetin";"Parc National des Ecrins";"2010-05-09";"CHEVALIER Robert";"Capra ibex Linnaeus, 1758";61098;"Vu";2;;2020;"6.42608873850737";"44.746900318043"
"Bouquetin";"Parc National des Ecrins";"2010-05-13";"DELENATTE Blandine";"Capra ibex Linnaeus, 1758";61098;"Vu";3;;2020;"6.41933850017541";"44.7446503266201"
"Bouquetin";"Parc National des Ecrins";"2010-05-14";"SEMIOND Patrice";"Capra ibex Linnaeus, 1758";61098;"Vu";3;;1950;"6.42158856628308";"44.74690029773"
"Bouquetin";"Parc National des Ecrins";"2010-06-13";"BARIDON Serge";"Capra ibex Linnaeus, 1758";61098;"Vu";1;;2150;"6.42158856628308";"44.74690029773"
"Bouquetin";"Parc National des Ecrins";"2010-07-26";"SEMIOND Patrice";"Capra ibex Linnaeus, 1758";61098;"Vu";2;;2320;"6.43958967458736";"44.6996012028295"
"Contact vertébrés";"Parc National des Ecrins";"2008-02-17";"TELMON Jean-Philippe";"Capreolus capreolus (Linnaeus, 1758)";61057;"Vu";2;;1600;"6.44839781651678";"44.7362765716961"
"Contact vertébrés";"Parc National des Ecrins";"2008-02-17";"TELMON Jean-Philippe";"Capreolus capreolus (Linnaeus, 1758)";61057;"Vu";2;;1640;"6.45103334058641";"44.7384387935094"
"Contact vertébrés";"Parc National des Ecrins";"2008-03-25";"TELMON Jean-Philippe";"Capreolus capreolus (Linnaeus, 1758)";61057;"Vu";1;;1440;"6.45210640713518";"44.7365343988695"
"Contact vertébrés";"Parc National des Ecrins";"2008-04-08";"TELMON Jean-Philippe";"Capreolus capreolus (Linnaeus, 1758)";61057;"Vu";1;;1740;"6.4408687017441";"44.7344047635042"
"Contact vertébrés";"Parc National des Ecrins";"2008-04-08";"TELMON Jean-Philippe";"Capreolus capreolus (Linnaeus, 1758)";61057;"Vu";2;;1760;"6.44293991061481";"44.7383534221031"
"Contact vertébrés";"Parc National des Ecrins";"2008-04-18";"TELMON Jean-Philippe";"Capreolus capreolus (Linnaeus, 1758)";61057;"Vu";4;;1600;"6.44648755608941";"44.7352130391952"
"Contact vertébrés";"Parc National des Ecrins";"2008-04-18";"TELMON Jean-Philippe";"Capreolus capreolus (Linnaeus, 1758)";61057;"Vu";3;;1660;"6.45078316960661";"44.7388173960943"
"Contact vertébrés";"Parc National des Ecrins";"2008-04-18";"TELMON Jean-Philippe";"Capreolus capreolus (Linnaeus, 1758)";61057;"Vu";1;;1740;"6.4465241318161";"44.7381207263466"
"Contact vertébrés";"Parc National des Ecrins";"2008-04-18";"TELMON Jean-Philippe";"Capreolus capreolus (Linnaeus, 1758)";61057;"Vu";3;;1740;"6.44356760298079";"44.7377806424561"
"Contact vertébrés";"Parc National des Ecrins";"2008-09-04";"CHEVALIER Robert";"Capreolus capreolus (Linnaeus, 1758)";61057;"Vu";1;;1800;"6.43514434389016";"44.7381933351221"
"Contact vertébrés";"Parc National des Ecrins";"2008-11-20";"CHEVALIER Robert";"Capreolus capreolus (Linnaeus, 1758)";61057;"Vu";2;;1680;"6.44213288059876";"44.7354474311782"
"Contact vertébrés";"Parc National des Ecrins";"2008-11-21";"TELMON Jean-Philippe";"Capreolus capreolus (Linnaeus, 1758)";61057;"Vu";3;;1620;"6.44400965570318";"44.7327836648295"
"Contact vertébrés";"Parc National des Ecrins";"2009-04-06";"TELMON Jean-Philippe";"Capreolus capreolus (Linnaeus, 1758)";61057;"Vu";6;;1760;"6.43784880775178";"44.7385430256908"
"Contact vertébrés";"Parc National des Ecrins";"2009-05-06";"TELMON Jean-Philippe";"Capreolus capreolus (Linnaeus, 1758)";61057;"Vu";3;;1500;"6.44893062444644";"44.7356172362138"
"Contact vertébrés";"Parc National des Ecrins";"2009-05-06";"TELMON Jean-Philippe";"Capreolus capreolus (Linnaeus, 1758)";61057;"Vu";3;;1780;"6.43959988847026";"44.7382977120219"
"Contact vertébrés";"Parc National des Ecrins";"2009-09-22";"TELMON Jean-Philippe";"Capreolus capreolus (Linnaeus, 1758)";61057;"Vu";2;;1500;"6.44679514888798";"44.7323465554624"
"Contact vertébrés";"Parc National des Ecrins";"2009-11-06";"TELMON Jean-Philippe";"Capreolus capreolus (Linnaeus, 1758)";61057;"Vu";2;;1780;"6.44563571004015";"44.7389284055658"
"Contact vertébrés";"Parc National des Ecrins";"2010-01-13";"TELMON Jean-Philippe";"Capreolus capreolus (Linnaeus, 1758)";61057;"Vu";2;;1620;"6.44395603914156";"44.7325695118931"
"Contact vertébrés";"Parc National des Ecrins";"2010-02-08";"TELMON Jean-Philippe";"Capreolus capreolus (Linnaeus, 1758)";61057;"Vu";6;;1680;"6.44302508911388";"44.733657951211"
"Contact vertébrés";"Parc National des Ecrins";"2010-02-21";"TELMON Jean-Philippe";"Capreolus capreolus (Linnaeus, 1758)";61057;"Vu";6;;1740;"6.44208705598243";"44.7329273704624"
"Contact vertébrés";"Parc National des Ecrins";"2009-05-20";"NICOLAS Marie-Geneviève";"Carduelis cannabina (Linnaeus, 1758)";4588;"Vu";4;;2160;"6.47034019181371";"44.752450876911"
"STOC EPS";"Parc National des Ecrins";"2008-06-24";"Chevalier Robert";"Carduelis carduelis (Linnaeus, 1758)";4583;"Entendu";2;"Heure début : 08h50";1940;"6.50197253846581";"44.7259694772202"
"STOC EPS";"Parc National des Ecrins";"2009-06-24";"Faure Joël";"Carduelis carduelis (Linnaeus, 1758)";4583;"Entendu";1;"Heure début : 06h52";2020;"6.50512096265321";"44.7316057474943"
"Contact vertébrés";"Parc National des Ecrins";"2008-01-17";"SEMIOND Patrice";"Carduelis spinus (Linnaeus, 1758)";4586;"Vu";5;;1680;"6.52690039623468";"44.7654105880452"
"STOC EPS";"Parc National des Ecrins";"2008-06-24";"Chevalier Robert";"Certhia familiaris Linnaeus, 1758";3784;"Entendu";1;"Heure début : 07h00";1900;"6.51507200316557";"44.740848166782"
"STOC EPS";"Parc National des Ecrins";"2008-06-24";"Chevalier Robert";"Certhia familiaris Linnaeus, 1758";3784;"Entendu";1;"Heure début : 07h45";2000;"6.50551719218858";"44.7384539799073"
"STOC EPS";"Parc National des Ecrins";"2009-05-29";"Chevalier Robert";"Certhia familiaris Linnaeus, 1758";3784;"Entendu";1;"Heure début : 06h57";1900;"6.52614494917933";"44.7383560940515"
"STOC EPS";"Parc National des Ecrins";"2009-06-24";"Faure Joël";"Certhia familiaris Linnaeus, 1758";3784;"Entendu";1;"Heure début : 06h00";1900;"6.53119699126166";"44.7374793452825"
"STOC EPS";"Parc National des Ecrins";"2009-06-24";"Faure Joël";"Certhia familiaris Linnaeus, 1758";3784;"Entendu";1;"Heure début : 06h10";1900;"6.52614494917933";"44.7383560940515"
"STOC EPS";"Parc National des Ecrins";"2009-06-24";"Faure Joël";"Certhia familiaris Linnaeus, 1758";3784;"Entendu";1;"Heure début : 06h27";1900;"6.51507200316557";"44.740848166782"
"STOC EPS";"Parc National des Ecrins";"2010-06-07";"Chevalier Robert";"Certhia familiaris Linnaeus, 1758";3784;"Entendu";1;"Heure début : 07h45";1900;"6.51507200316557";"44.740848166782"
"STOC EPS";"Parc National des Ecrins";"2010-06-07";"Chevalier Robert";"Certhia familiaris Linnaeus, 1758";3784;"Entendu";1;"Heure début : 09h40";1940;"6.50197253846581";"44.7259694772202"
"STOC EPS";"Parc National des Ecrins";"2010-06-21";"Semiond Patrice";"Certhia familiaris Linnaeus, 1758";3784;"Entendu";1;"Heure début : 07h00";1960;"6.51042373040439";"44.7395201844961"
"Contact vertébrés";"Parc National des Ecrins";"2008-11-27";"CHEVALIER Robert";"Cinclus cinclus (Linnaeus, 1758)";3958;"Vu";2;;1140;"6.55613813809624";"44.7460559811589"
"Contact vertébrés";"Parc National des Ecrins";"2009-08-05";"TELMON Jean-Philippe";"Cinclus cinclus (Linnaeus, 1758)";3958;"Vu";1;;2260;"6.43297762345006";"44.7001236391477"
"Contact vertébrés";"Parc National des Ecrins";"2008-08-16";"CHEVALIER Robert";"Circaetus gallicus (Gmelin, 1788)";2873;"Vu";2;;2220;"6.42823266924416";"44.7179700769073"
"Contact invertébrés";"Parc National des Ecrins";"2008-11-16";"NICOLAS Marie-Geneviève";"Colias crocea (Geoffroy in Fourcroy, 1785)";641941;"adulte observé de corps";1;;1340;"6.5394311776718";"44.7575207958214"
"Contact vertébrés";"Parc National des Ecrins";"2009-04-13";"NICOLAS Marie-Geneviève";"Corvus corax Linnaeus, 1758";4510;"Vu";2;;1780;"6.43747470217087";"44.7386109866918"
"STOC EPS";"Parc National des Ecrins";"2008-06-24";"Chevalier Robert";"Corvus corone Linnaeus, 1758";4503;"Entendu";1;"Heure début : 08h10";2020;"6.50512096265321";"44.7316057474943"
"STOC EPS";"Parc National des Ecrins";"2009-05-29";"Chevalier Robert";"Corvus corone Linnaeus, 1758";4503;"Entendu";1;"Heure début : 07h30";1960;"6.51042373040439";"44.7395201844961"
"STOC EPS";"Parc National des Ecrins";"2009-05-29";"Chevalier Robert";"Corvus corone Linnaeus, 1758";4503;"Entendu";1;"Heure début : 07h40";2000;"6.50551719218858";"44.7384539799073"
"STOC EPS";"Parc National des Ecrins";"2009-05-29";"Chevalier Robert";"Corvus corone Linnaeus, 1758";4503;"Entendu";1;"Heure début : 08h04";2040;"6.50684625425234";"44.7272892236858"
"STOC EPS";"Parc National des Ecrins";"2009-06-24";"Faure Joël";"Corvus corone Linnaeus, 1758";4503;"Entendu";1;"Heure début : 08h00";2040;"6.50684625425234";"44.7272892236858"
"STOC EPS";"Parc National des Ecrins";"2008-06-24";"Chevalier Robert";"Coturnix coturnix (Linnaeus, 1758)";2996;"Entendu";1;"Heure début : 08h10";2020;"6.50512096265321";"44.7316057474943"
"Contact vertébrés";"Parc National des Ecrins";"2008-04-18";"TELMON Jean-Philippe";"Cuculus canorus Linnaeus, 1758";3465;"Entendu";1;;1880;"6.44204496134725";"44.7414849490542"
"Contact vertébrés";"Parc National des Ecrins";"2009-04-13";"NICOLAS Marie-Geneviève";"Cuculus canorus Linnaeus, 1758";3465;"Mâle chanteur";1;;1760;"6.43793139290073";"44.7379455357388"
"STOC EPS";"Parc National des Ecrins";"2009-05-29";"Chevalier Robert";"Cuculus canorus Linnaeus, 1758";3465;"Entendu";1;"Heure début : 06h50";1900;"6.53119699126166";"44.7374793452825"
"STOC EPS";"Parc National des Ecrins";"2009-05-29";"Chevalier Robert";"Cuculus canorus Linnaeus, 1758";3465;"Entendu";1;"Heure début : 06h57";1900;"6.52614494917933";"44.7383560940515"
"STOC EPS";"Parc National des Ecrins";"2009-05-29";"Chevalier Robert";"Cuculus canorus Linnaeus, 1758";3465;"Entendu";1;"Heure début : 08h40";1940;"6.50197253846581";"44.7259694772202"
"STOC EPS";"Parc National des Ecrins";"2009-06-24";"Faure Joël";"Cuculus canorus Linnaeus, 1758";3465;"Entendu";1;"Heure début : 06h20";1840;"6.5212893643203";"44.7410175323082"
"STOC EPS";"Parc National des Ecrins";"2009-06-24";"Faure Joël";"Cuculus canorus Linnaeus, 1758";3465;"Entendu";1;"Heure début : 06h00";1900;"6.53119699126166";"44.7374793452825"
"STOC EPS";"Parc National des Ecrins";"2009-06-24";"Faure Joël";"Cuculus canorus Linnaeus, 1758";3465;"Entendu";1;"Heure début : 06h10";1900;"6.52614494917933";"44.7383560940515"
"STOC EPS";"Parc National des Ecrins";"2010-06-07";"Chevalier Robert";"Cuculus canorus Linnaeus, 1758";3465;"Entendu";1;"Heure début : 07h00";1900;"6.53119699126166";"44.7374793452825"
"STOC EPS";"Parc National des Ecrins";"2010-06-07";"Chevalier Robert";"Cuculus canorus Linnaeus, 1758";3465;"Entendu";1;"Heure début : 07h20";1900;"6.52614494917933";"44.7383560940515"
"STOC EPS";"Parc National des Ecrins";"2010-06-07";"Chevalier Robert";"Cuculus canorus Linnaeus, 1758";3465;"Entendu";1;"Heure début : 07h45";1900;"6.51507200316557";"44.740848166782"
"STOC EPS";"Parc National des Ecrins";"2010-06-21";"Semiond Patrice";"Cuculus canorus Linnaeus, 1758";3465;"Entendu";1;"Heure début : 06h35";1840;"6.5212893643203";"44.7410175323082"
"Contact vertébrés";"Parc National des Ecrins";"2009-08-25";"BAISSET Marcel";"Delichon urbicum (Linnaeus, 1758)";459478;"Vu";12;;2060;"6.5029651015588";"44.735667815449"
"Contact vertébrés";"Parc National des Ecrins";"2008-11-27";"CHEVALIER Robert";"Dendrocopos major (Linnaeus, 1758)";3611;"Vu";1;;1380;"6.53461794841216";"44.7594155434819"
"STOC EPS";"Parc National des Ecrins";"2009-06-24";"Faure Joël";"Dendrocopos major (Linnaeus, 1758)";3611;"Entendu";1;"Heure début : 06h20";1840;"6.5212893643203";"44.7410175323082"
"STOC EPS";"Parc National des Ecrins";"2009-06-24";"Faure Joël";"Dendrocopos major (Linnaeus, 1758)";3611;"Entendu";1;"Heure début : 06h00";1900;"6.53119699126166";"44.7374793452825"
"STOC EPS";"Parc National des Ecrins";"2009-06-24";"Faure Joël";"Dendrocopos major (Linnaeus, 1758)";3611;"Entendu";1;"Heure début : 06h27";1900;"6.51507200316557";"44.740848166782"
"STOC EPS";"Parc National des Ecrins";"2009-06-24";"Faure Joël";"Dendrocopos major (Linnaeus, 1758)";3611;"Entendu";1;"Heure début : 06h52";2020;"6.50512096265321";"44.7316057474943"
"STOC EPS";"Parc National des Ecrins";"2010-06-07";"Chevalier Robert";"Dendrocopos major (Linnaeus, 1758)";3611;"Entendu";1;"Heure début : 07h25";1840;"6.5212893643203";"44.7410175323082"
"STOC EPS";"Parc National des Ecrins";"2010-06-07";"Chevalier Robert";"Dendrocopos major (Linnaeus, 1758)";3611;"Entendu";1;"Heure début : 08h30";2000;"6.50551719218858";"44.7384539799073"
"STOC EPS";"Parc National des Ecrins";"2010-06-21";"Semiond Patrice";"Dendrocopos major (Linnaeus, 1758)";3611;"Entendu";1;"Heure début : 07h10";2000;"6.50551719218858";"44.7384539799073"
"STOC EPS";"Parc National des Ecrins";"2010-06-21";"Semiond Patrice";"Dendrocopos major (Linnaeus, 1758)";3611;"Entendu";1;"Heure début : 08h10";2020;"6.50512096265321";"44.7316057474943"
"Contact vertébrés";"Parc National des Ecrins";"2009-12-15";"NICOLAS Marie-Geneviève";"Dryocopus martius (Linnaeus, 1758)";3608;"Vu";1;;1460;"6.44851116391675";"44.7330030350517"
"STOC EPS";"Parc National des Ecrins";"2010-06-07";"Chevalier Robert";"Dryocopus martius (Linnaeus, 1758)";3608;"Entendu";1;"Heure début : 07h20";1900;"6.52614494917933";"44.7383560940515"
"Contact vertébrés";"Parc National des Ecrins";"2008-03-04";"TELMON Jean-Philippe";"Emberiza cia Linnaeus, 1766";4663;"Vu";1;;1740;"6.44345476628793";"44.7379649747336"
"Contact vertébrés";"Parc National des Ecrins";"2009-05-20";"NICOLAS Marie-Geneviève";"Emberiza cia Linnaeus, 1766";4663;"Vu";2;;2100;"6.47472988587852";"44.7519889351129"
"Contact invertébrés";"Parc National des Ecrins";"2009-05-14";"NICOLAS Marie-Geneviève";"Erebia triarius (Prunner, 1798)";647158;"adulte observé de corps";1;;1100;"6.57052691252459";"44.7371094568579"
"STOC EPS";"Parc National des Ecrins";"2008-06-24";"Chevalier Robert";"Erithacus rubecula (Linnaeus, 1758)";4001;"Entendu";2;"Heure début : 07h45";2000;"6.50551719218858";"44.7384539799073"
"STOC EPS";"Parc National des Ecrins";"2009-05-29";"Chevalier Robert";"Erithacus rubecula (Linnaeus, 1758)";4001;"Entendu";2;"Heure début : 07h05";1840;"6.5212893643203";"44.7410175323082"
"STOC EPS";"Parc National des Ecrins";"2009-05-29";"Chevalier Robert";"Erithacus rubecula (Linnaeus, 1758)";4001;"Entendu";1;"Heure début : 06h57";1900;"6.52614494917933";"44.7383560940515"
"STOC EPS";"Parc National des Ecrins";"2009-05-29";"Chevalier Robert";"Erithacus rubecula (Linnaeus, 1758)";4001;"Entendu";1;"Heure début : 07h15";1900;"6.51507200316557";"44.740848166782"
"STOC EPS";"Parc National des Ecrins";"2009-05-29";"Chevalier Robert";"Erithacus rubecula (Linnaeus, 1758)";4001;"Entendu";2;"Heure début : 08h40";1940;"6.50197253846581";"44.7259694772202"
"STOC EPS";"Parc National des Ecrins";"2009-05-29";"Chevalier Robert";"Erithacus rubecula (Linnaeus, 1758)";4001;"Entendu";2;"Heure début : 07h30";1960;"6.51042373040439";"44.7395201844961"
"STOC EPS";"Parc National des Ecrins";"2009-06-24";"Faure Joël";"Erithacus rubecula (Linnaeus, 1758)";4001;"Entendu";1;"Heure début : 06h20";1840;"6.5212893643203";"44.7410175323082"
"STOC EPS";"Parc National des Ecrins";"2009-06-24";"Faure Joël";"Erithacus rubecula (Linnaeus, 1758)";4001;"Entendu";1;"Heure début : 06h00";1900;"6.53119699126166";"44.7374793452825"
"STOC EPS";"Parc National des Ecrins";"2009-06-24";"Faure Joël";"Erithacus rubecula (Linnaeus, 1758)";4001;"Entendu";1;"Heure début : 06h10";1900;"6.52614494917933";"44.7383560940515"
"STOC EPS";"Parc National des Ecrins";"2009-06-24";"Faure Joël";"Erithacus rubecula (Linnaeus, 1758)";4001;"Entendu";1;"Heure début : 06h27";1900;"6.51507200316557";"44.740848166782"
"STOC EPS";"Parc National des Ecrins";"2009-06-24";"Faure Joël";"Erithacus rubecula (Linnaeus, 1758)";4001;"Entendu";1;"Heure début : 06h35";1960;"6.51042373040439";"44.7395201844961"
"STOC EPS";"Parc National des Ecrins";"2009-06-24";"Faure Joël";"Erithacus rubecula (Linnaeus, 1758)";4001;"Entendu";1;"Heure début : 06h52";2020;"6.50512096265321";"44.7316057474943"
"STOC EPS";"Parc National des Ecrins";"2010-06-07";"Chevalier Robert";"Erithacus rubecula (Linnaeus, 1758)";4001;"Entendu";1;"Heure début : 07h25";1840;"6.5212893643203";"44.7410175323082"
"STOC EPS";"Parc National des Ecrins";"2010-06-07";"Chevalier Robert";"Erithacus rubecula (Linnaeus, 1758)";4001;"Entendu";1;"Heure début : 07h00";1900;"6.53119699126166";"44.7374793452825"
"STOC EPS";"Parc National des Ecrins";"2010-06-07";"Chevalier Robert";"Erithacus rubecula (Linnaeus, 1758)";4001;"Entendu";1;"Heure début : 07h45";1900;"6.51507200316557";"44.740848166782"
"STOC EPS";"Parc National des Ecrins";"2010-06-07";"Chevalier Robert";"Erithacus rubecula (Linnaeus, 1758)";4001;"Entendu";1;"Heure début : 09h40";1940;"6.50197253846581";"44.7259694772202"
"STOC EPS";"Parc National des Ecrins";"2010-06-07";"Chevalier Robert";"Erithacus rubecula (Linnaeus, 1758)";4001;"Entendu";1;"Heure début : 08h05";1960;"6.51042373040439";"44.7395201844961"
"STOC EPS";"Parc National des Ecrins";"2010-06-07";"Chevalier Robert";"Erithacus rubecula (Linnaeus, 1758)";4001;"Entendu";1;"Heure début : 08h30";2000;"6.50551719218858";"44.7384539799073"
"STOC EPS";"Parc National des Ecrins";"2010-06-21";"Semiond Patrice";"Erithacus rubecula (Linnaeus, 1758)";4001;"Entendu";1;"Heure début : 06h35";1840;"6.5212893643203";"44.7410175323082"
"STOC EPS";"Parc National des Ecrins";"2010-06-21";"Semiond Patrice";"Erithacus rubecula (Linnaeus, 1758)";4001;"Entendu";1;"Heure début : 06h45";1900;"6.51507200316557";"44.740848166782"
"STOC EPS";"Parc National des Ecrins";"2010-06-21";"Semiond Patrice";"Erithacus rubecula (Linnaeus, 1758)";4001;"Entendu";2;"Heure début : 06h15";1900;"6.52614494917933";"44.7383560940515"
"STOC EPS";"Parc National des Ecrins";"2010-06-21";"Semiond Patrice";"Erithacus rubecula (Linnaeus, 1758)";4001;"Entendu";1;"Heure début : 07h00";1960;"6.51042373040439";"44.7395201844961"
"Contact vertébrés";"Parc National des Ecrins";"2009-01-14";"CHEVALIER Robert";"Falco peregrinus Tunstall, 1771";2938;"Vu";1;;1120;"6.57174465436943";"44.7393414579026"
"Contact vertébrés";"Parc National des Ecrins";"2010-02-27";"BAISSET Marcel";"Falco peregrinus Tunstall, 1771";2938;"Couple";2;;1200;"6.56973314479939";"44.7464983548807"
"Contact vertébrés";"Parc National des Ecrins";"2008-04-18";"TELMON Jean-Philippe";"Falco tinnunculus Linnaeus, 1758";2669;"Vu";1;;1880;"6.44204496134725";"44.7414849490542"
"Contact vertébrés";"Parc National des Ecrins";"2008-07-22";"CHEVALIER Robert";"Falco tinnunculus Linnaeus, 1758";2669;"Vu";1;;2000;"6.44775479211366";"44.7156490824536"
"Contact vertébrés";"Parc National des Ecrins";"2008-10-14";"TELMON Jean-Philippe";"Falco tinnunculus Linnaeus, 1758";2669;"Vu";1;;1960;"6.40793836520737";"44.7413093115082"
"Contact vertébrés";"Parc National des Ecrins";"2009-04-06";"TELMON Jean-Philippe";"Falco tinnunculus Linnaeus, 1758";2669;"Couple";2;;2100;"6.40192418495705";"44.7399282556721"
"STOC EPS";"Parc National des Ecrins";"2008-06-24";"Chevalier Robert";"Fringilla coelebs Linnaeus, 1758";4564;"Entendu";2;"Heure début : 08h50";1940;"6.50197253846581";"44.7259694772202"
"STOC EPS";"Parc National des Ecrins";"2008-06-24";"Chevalier Robert";"Fringilla coelebs Linnaeus, 1758";4564;"Entendu";3;"Heure début : 07h20";1960;"6.51042373040439";"44.7395201844961"
"STOC EPS";"Parc National des Ecrins";"2008-06-24";"Chevalier Robert";"Fringilla coelebs Linnaeus, 1758";4564;"Entendu";2;"Heure début : 07h45";2000;"6.50551719218858";"44.7384539799073"
"STOC EPS";"Parc National des Ecrins";"2008-06-24";"Chevalier Robert";"Fringilla coelebs Linnaeus, 1758";4564;"Entendu";1;"Heure début : 08h10";2020;"6.50512096265321";"44.7316057474943"
"STOC EPS";"Parc National des Ecrins";"2008-06-24";"Chevalier Robert";"Fringilla coelebs Linnaeus, 1758";4564;"Entendu";1;"Heure début : 08h30";2040;"6.50684625425234";"44.7272892236858"
"STOC EPS";"Parc National des Ecrins";"2009-05-29";"Chevalier Robert";"Fringilla coelebs Linnaeus, 1758";4564;"Entendu";1;"Heure début : 07h05";1840;"6.5212893643203";"44.7410175323082"
"STOC EPS";"Parc National des Ecrins";"2009-05-29";"Chevalier Robert";"Fringilla coelebs Linnaeus, 1758";4564;"Entendu";2;"Heure début : 06h50";1900;"6.53119699126166";"44.7374793452825"
"STOC EPS";"Parc National des Ecrins";"2009-05-29";"Chevalier Robert";"Fringilla coelebs Linnaeus, 1758";4564;"Entendu";2;"Heure début : 06h57";1900;"6.52614494917933";"44.7383560940515"
"STOC EPS";"Parc National des Ecrins";"2009-05-29";"Chevalier Robert";"Fringilla coelebs Linnaeus, 1758";4564;"Entendu";2;"Heure début : 07h15";1900;"6.51507200316557";"44.740848166782"
"STOC EPS";"Parc National des Ecrins";"2009-05-29";"Chevalier Robert";"Fringilla coelebs Linnaeus, 1758";4564;"Entendu";1;"Heure début : 08h40";1940;"6.50197253846581";"44.7259694772202"
"STOC EPS";"Parc National des Ecrins";"2009-05-29";"Chevalier Robert";"Fringilla coelebs Linnaeus, 1758";4564;"Entendu";3;"Heure début : 07h30";1960;"6.51042373040439";"44.7395201844961"
"STOC EPS";"Parc National des Ecrins";"2009-05-29";"Chevalier Robert";"Fringilla coelebs Linnaeus, 1758";4564;"Entendu";1;"Heure début : 07h40";2000;"6.50551719218858";"44.7384539799073"
"STOC EPS";"Parc National des Ecrins";"2009-05-29";"Chevalier Robert";"Fringilla coelebs Linnaeus, 1758";4564;"Entendu";1;"Heure début : 07h50";2020;"6.50512096265321";"44.7316057474943"
"STOC EPS";"Parc National des Ecrins";"2009-05-29";"Chevalier Robert";"Fringilla coelebs Linnaeus, 1758";4564;"Entendu";1;"Heure début : 08h04";2040;"6.50684625425234";"44.7272892236858"
"STOC EPS";"Parc National des Ecrins";"2009-06-24";"Faure Joël";"Fringilla coelebs Linnaeus, 1758";4564;"Entendu";1;"Heure début : 06h27";1900;"6.51507200316557";"44.740848166782"
"STOC EPS";"Parc National des Ecrins";"2009-06-24";"Faure Joël";"Fringilla coelebs Linnaeus, 1758";4564;"Entendu";2;"Heure début : 06h10";1900;"6.52614494917933";"44.7383560940515"
"STOC EPS";"Parc National des Ecrins";"2009-06-24";"Faure Joël";"Fringilla coelebs Linnaeus, 1758";4564;"Entendu";3;"Heure début : 06h00";1900;"6.53119699126166";"44.7374793452825"
"STOC EPS";"Parc National des Ecrins";"2009-06-24";"Faure Joël";"Fringilla coelebs Linnaeus, 1758";4564;"Entendu";3;"Heure début : 08h40";1940;"6.50197253846581";"44.7259694772202"
"STOC EPS";"Parc National des Ecrins";"2009-06-24";"Faure Joël";"Fringilla coelebs Linnaeus, 1758";4564;"Entendu";2;"Heure début : 06h35";1960;"6.51042373040439";"44.7395201844961"
"STOC EPS";"Parc National des Ecrins";"2009-06-24";"Faure Joël";"Fringilla coelebs Linnaeus, 1758";4564;"Entendu";2;"Heure début : 06h43";2000;"6.50551719218858";"44.7384539799073"
"STOC EPS";"Parc National des Ecrins";"2009-06-24";"Faure Joël";"Fringilla coelebs Linnaeus, 1758";4564;"Entendu";3;"Heure début : 06h52";2020;"6.50512096265321";"44.7316057474943"
"STOC EPS";"Parc National des Ecrins";"2009-06-24";"Faure Joël";"Fringilla coelebs Linnaeus, 1758";4564;"Entendu";1;"Heure début : 08h00";2040;"6.50684625425234";"44.7272892236858"
"STOC EPS";"Parc National des Ecrins";"2010-06-07";"Chevalier Robert";"Fringilla coelebs Linnaeus, 1758";4564;"Entendu";2;"Heure début : 07h25";1840;"6.5212893643203";"44.7410175323082"
"STOC EPS";"Parc National des Ecrins";"2010-06-07";"Chevalier Robert";"Fringilla coelebs Linnaeus, 1758";4564;"Entendu";1;"Heure début : 07h20";1900;"6.52614494917933";"44.7383560940515"
"STOC EPS";"Parc National des Ecrins";"2010-06-07";"Chevalier Robert";"Fringilla coelebs Linnaeus, 1758";4564;"Entendu";1;"Heure début : 07h45";1900;"6.51507200316557";"44.740848166782"
"STOC EPS";"Parc National des Ecrins";"2010-06-07";"Chevalier Robert";"Fringilla coelebs Linnaeus, 1758";4564;"Entendu";2;"Heure début : 07h00";1900;"6.53119699126166";"44.7374793452825"
"STOC EPS";"Parc National des Ecrins";"2010-06-07";"Chevalier Robert";"Fringilla coelebs Linnaeus, 1758";4564;"Entendu";2;"Heure début : 09h40";1940;"6.50197253846581";"44.7259694772202"
"STOC EPS";"Parc National des Ecrins";"2010-06-07";"Chevalier Robert";"Fringilla coelebs Linnaeus, 1758";4564;"Entendu";3;"Heure début : 08h05";1960;"6.51042373040439";"44.7395201844961"
"STOC EPS";"Parc National des Ecrins";"2010-06-07";"Chevalier Robert";"Fringilla coelebs Linnaeus, 1758";4564;"Entendu";2;"Heure début : 08h30";2000;"6.50551719218858";"44.7384539799073"
"STOC EPS";"Parc National des Ecrins";"2010-06-21";"Semiond Patrice";"Fringilla coelebs Linnaeus, 1758";4564;"Entendu";2;"Heure début : 06h35";1840;"6.5212893643203";"44.7410175323082"
"STOC EPS";"Parc National des Ecrins";"2010-06-21";"Semiond Patrice";"Fringilla coelebs Linnaeus, 1758";4564;"Entendu";3;"Heure début : 06h05";1900;"6.53119699126166";"44.7374793452825"
"STOC EPS";"Parc National des Ecrins";"2010-06-21";"Semiond Patrice";"Fringilla coelebs Linnaeus, 1758";4564;"Entendu";3;"Heure début : 06h45";1900;"6.51507200316557";"44.740848166782"
"STOC EPS";"Parc National des Ecrins";"2010-06-21";"Semiond Patrice";"Fringilla coelebs Linnaeus, 1758";4564;"Entendu";2;"Heure début : 08h45";1940;"6.50197253846581";"44.7259694772202"
"STOC EPS";"Parc National des Ecrins";"2010-06-21";"Semiond Patrice";"Fringilla coelebs Linnaeus, 1758";4564;"Entendu";2;"Heure début : 07h00";1960;"6.51042373040439";"44.7395201844961"
"STOC EPS";"Parc National des Ecrins";"2010-06-21";"Semiond Patrice";"Fringilla coelebs Linnaeus, 1758";4564;"Entendu";2;"Heure début : 07h10";2000;"6.50551719218858";"44.7384539799073"
"STOC EPS";"Parc National des Ecrins";"2010-06-21";"Semiond Patrice";"Fringilla coelebs Linnaeus, 1758";4564;"Entendu";1;"Heure début : 08h30";2040;"6.50684625425234";"44.7272892236858"
"Contact vertébrés";"Parc National des Ecrins";"2008-02-20";"BAISSET Christian";"Garrulus glandarius (Linnaeus, 1758)";4466;"Vu";3;;1320;"6.54068249270761";"44.7570137187982"
"STOC EPS";"Parc National des Ecrins";"2009-06-24";"Faure Joël";"Garrulus glandarius (Linnaeus, 1758)";4466;"Entendu";1;"Heure début : 06h52";2020;"6.50512096265321";"44.7316057474943"
"Contact invertébrés";"Parc National des Ecrins";"2008-03-02";"NICOLAS Marie-Geneviève";"Gonepteryx rhamni (Linnaeus, 1758)";54417;"adulte observé de corps";1;;1420;"6.54800214454508";"44.7563469870844"
"Réseau Gypaète";"Parc National des Ecrins";"2009-02-08";"goussot anne";"Gypaetus barbatus (Linnaeus, 1758)";2852;"Vu";1;;1120;"6.57234441661224";"44.7379011306961"
"Réseau Gypaète";"Parc National des Ecrins";"2009-04-03";"telmon jean-philippe";"Gypaetus barbatus (Linnaeus, 1758)";2852;"Vu";0;;2000;"6.5610938279555";"44.7558507691927"
"Réseau Gypaète";"Parc National des Ecrins";"2009-04-04";"maillet thierry";"Gypaetus barbatus (Linnaeus, 1758)";2852;"Vu";1;"en vol";1600;"6.53184270776399";"44.7558506383401"
"Contact vertébrés";"Parc National des Ecrins";"2008-08-29";"CHEVALIER Robert";"Gyps fulvus (Hablizl, 1783)";2860;"Mâle chanteur";3;;1380;"6.56664234944892";"44.7470764010489"
"Contact vertébrés";"Parc National des Ecrins";"2009-09-01";"CHEVALIER Robert";"Gyps fulvus (Hablizl, 1783)";2860;"Vu";6;;2700;"6.48909097122053";"44.7671002519032"
"Contact vertébrés";"Parc National des Ecrins";"2009-09-24";"MAILLET Thierry";"Gyps fulvus (Hablizl, 1783)";2860;"Vu";2;;2500;"6.4227456091924";"44.7549461042136"
"Contact vertébrés";"Parc National des Ecrins";"2010-07-26";"TELMON Jean-Philippe";"Gyps fulvus (Hablizl, 1783)";2860;"Vu";4;;3020;"6.4103182553036";"44.7064668824001"
"Contact vertébrés";"Parc National des Ecrins";"2010-07-30";"BAISSET Marcel";"Gyps fulvus (Hablizl, 1783)";2860;"Vu";7;;2320;"6.500696909828";"44.7648002686682"
"Contact vertébrés";"Parc National des Ecrins";"2010-08-08";"COMBRISSON Damien";"Gyps fulvus (Hablizl, 1783)";2860;"Vu";1;;2780;"6.4597402626702";"44.6922980651179"
"Contact invertébrés";"Parc National des Ecrins";"2010-08-15";"TELMON Jean-Philippe";"Hyles euphorbiae (Linnaeus, 1758)";54843;"larve, oeuf, chenille, nymphe...";0;;2080;"6.42984564856849";"44.7457394083142"
"Contact vertébrés";"Parc National des Ecrins";"2008-02-12";"TELMON Jean-Philippe";"Lagopus muta helvetica (Thienemann, 1829)";2954;"Traces ou indices de présence";1;;2680;"6.41528511976871";"44.7226470894026"
"Contact vertébrés";"Parc National des Ecrins";"2008-02-21";"MAILLET Thierry";"Lagopus muta helvetica (Thienemann, 1829)";2954;"Vu";2;;2740;"6.5230025736374";"44.727342603496"
"Contact vertébrés";"Parc National des Ecrins";"2008-08-18";"Couloumy Christian";"Lagopus muta helvetica (Thienemann, 1829)";2954;"Vu";4;"Obs Pierre-Alexis Bisson";2800;"6.51156257528722";"44.7055982125938"
"Contact vertébrés";"Parc National des Ecrins";"2009-03-13";"TELMON Jean-Philippe";"Lagopus muta helvetica (Thienemann, 1829)";2954;"Traces ou indices de présence";1;;2640;"6.42808073535597";"44.7110499890813"
"Contact vertébrés";"Parc National des Ecrins";"2009-03-27";"NICOLAS Marie-Geneviève";"Lagopus muta helvetica (Thienemann, 1829)";2954;"Traces ou indices de présence";1;;2000;"6.48796857071658";"44.7559764038738"
"Contact vertébrés";"Parc National des Ecrins";"2009-08-05";"TELMON Jean-Philippe";"Lagopus muta helvetica (Thienemann, 1829)";2954;"Traces ou indices de présence";1;;2400;"6.43723855593676";"44.6991635046677"
"Contact vertébrés";"Parc National des Ecrins";"2010-02-07";"TELMON Jean-Philippe";"Lagopus muta helvetica (Thienemann, 1829)";2954;"Traces ou indices de présence";1;;2560;"6.41791810945975";"44.7332939055102"
"Contact vertébrés";"Parc National des Ecrins";"2010-02-08";"TELMON Jean-Philippe";"Lagopus muta helvetica (Thienemann, 1829)";2954;"Traces ou indices de présence";1;;2300;"6.43060117902382";"44.7260056634788"
"Contact vertébrés";"Parc National des Ecrins";"2010-02-22";"TELMON Jean-Philippe";"Lagopus muta helvetica (Thienemann, 1829)";2954;"Traces ou indices de présence";1;;2560;"6.42017664582279";"44.7238978526408"
"Contact vertébrés";"Parc National des Ecrins";"2010-05-21";"TELMON Jean-Philippe";"Lagopus muta helvetica (Thienemann, 1829)";2954;"Traces ou indices de présence";1;;2340;"6.4242379026652";"44.7303847904764"
"Contact vertébrés";"Parc National des Ecrins";"2010-05-21";"DELENATTE Blandine";"Lagopus muta helvetica (Thienemann, 1829)";2954;"Vu";1;;2460;"6.42000271236032";"44.734504553676"
"Contact vertébrés";"Parc National des Ecrins";"2008-01-17";"SEMIOND Patrice";"Lepus europaeus Pallas, 1778";61678;"Traces ou indices de présence";1;;1680;"6.5247353479026";"44.7641868565795"
"Contact vertébrés";"Parc National des Ecrins";"2009-04-06";"TELMON Jean-Philippe";"Lepus europaeus Pallas, 1778";61678;"Vu";1;;1120;"6.56916593252413";"44.7393324580503"
"Contact vertébrés";"Parc National des Ecrins";"2008-01-17";"SEMIOND Patrice";"Lepus timidus Linnaeus, 1758";61699;"Traces ou indices de présence";1;;1900;"6.51888612725089";"44.7686421703155"
"Contact vertébrés";"Parc National des Ecrins";"2008-02-12";"TELMON Jean-Philippe";"Lepus timidus Linnaeus, 1758";61699;"Traces ou indices de présence";1;;2640;"6.41718323175518";"44.7235584645219"
"Contact vertébrés";"Parc National des Ecrins";"2008-02-13";"TELMON Jean-Philippe";"Lepus timidus Linnaeus, 1758";61699;"Traces ou indices de présence";1;;2760;"6.41064838562798";"44.7245478302839"
"Contact vertébrés";"Parc National des Ecrins";"2008-06-19";"BOUCHE Michel";"Lepus timidus Linnaeus, 1758";61699;"Traces ou indices de présence";1;;2800;"6.4500166988431";"44.6828180132059"
"Contact invertébrés";"Parc National des Ecrins";"2008-06-17";"JENDOUBI Samy";"Libelloides coccajus (Denis & Schiffermüller, 1775)";52121;"adulte observé de corps";1;;1190;"6.5408430722563";"44.7536007176024"
"Contact vertébrés";"Parc National des Ecrins";"2008-01-17";"SEMIOND Patrice";"Loxia curvirostra Linnaeus, 1758";4603;"Vu";10;;1980;"6.51614823302765";"44.7695656285828"
"STOC EPS";"Parc National des Ecrins";"2008-06-24";"Chevalier Robert";"Loxia curvirostra Linnaeus, 1758";4603;"Entendu";4;"Heure début : 07h45";2000;"6.50551719218858";"44.7384539799073"
"STOC EPS";"Parc National des Ecrins";"2009-05-29";"Chevalier Robert";"Loxia curvirostra Linnaeus, 1758";4603;"Entendu";3;"Heure début : 07h15";1900;"6.51507200316557";"44.740848166782"
"STOC EPS";"Parc National des Ecrins";"2009-06-24";"Faure Joël";"Loxia curvirostra Linnaeus, 1758";4603;"Entendu";3;"Heure début : 06h20";1840;"6.5212893643203";"44.7410175323082"
"STOC EPS";"Parc National des Ecrins";"2009-06-24";"Faure Joël";"Loxia curvirostra Linnaeus, 1758";4603;"Entendu";10;"Heure début : 06h00";1900;"6.53119699126166";"44.7374793452825"
"STOC EPS";"Parc National des Ecrins";"2010-06-07";"Chevalier Robert";"Loxia curvirostra Linnaeus, 1758";4603;"Entendu";5;"Heure début : 07h25";1840;"6.5212893643203";"44.7410175323082"
"STOC EPS";"Parc National des Ecrins";"2010-06-07";"Chevalier Robert";"Loxia curvirostra Linnaeus, 1758";4603;"Entendu";1;"Heure début : 07h20";1900;"6.52614494917933";"44.7383560940515"
"STOC EPS";"Parc National des Ecrins";"2010-06-07";"Chevalier Robert";"Loxia curvirostra Linnaeus, 1758";4603;"Entendu";2;"Heure début : 07h00";1900;"6.53119699126166";"44.7374793452825"
"STOC EPS";"Parc National des Ecrins";"2010-06-07";"Chevalier Robert";"Loxia curvirostra Linnaeus, 1758";4603;"Entendu";2;"Heure début : 09h40";1940;"6.50197253846581";"44.7259694772202"
"STOC EPS";"Parc National des Ecrins";"2010-06-07";"Chevalier Robert";"Loxia curvirostra Linnaeus, 1758";4603;"Entendu";4;"Heure début : 08h05";1960;"6.51042373040439";"44.7395201844961"
"STOC EPS";"Parc National des Ecrins";"2010-06-07";"Chevalier Robert";"Loxia curvirostra Linnaeus, 1758";4603;"Entendu";4;"Heure début : 08h30";2000;"6.50551719218858";"44.7384539799073"
"STOC EPS";"Parc National des Ecrins";"2010-06-21";"Semiond Patrice";"Loxia curvirostra Linnaeus, 1758";4603;"Entendu";6;"Heure début : 06h35";1840;"6.5212893643203";"44.7410175323082"
"STOC EPS";"Parc National des Ecrins";"2010-06-21";"Semiond Patrice";"Loxia curvirostra Linnaeus, 1758";4603;"Entendu";1;"Heure début : 06h05";1900;"6.53119699126166";"44.7374793452825"
"STOC EPS";"Parc National des Ecrins";"2010-06-21";"Semiond Patrice";"Loxia curvirostra Linnaeus, 1758";4603;"Entendu";1;"Heure début : 06h15";1900;"6.52614494917933";"44.7383560940515"
"STOC EPS";"Parc National des Ecrins";"2010-06-21";"Semiond Patrice";"Loxia curvirostra Linnaeus, 1758";4603;"Entendu";2;"Heure début : 06h45";1900;"6.51507200316557";"44.740848166782"
"Contact vertébrés";"Parc National des Ecrins";"2008-03-24";"NICOLAS Marie-Geneviève";"Marmota marmota (Linnaeus, 1758)";61143;"Entendu";2;;1800;"6.43647584823641";"44.7408456929474"
"Contact vertébrés";"Parc National des Ecrins";"2009-04-13";"NICOLAS Marie-Geneviève";"Marmota marmota (Linnaeus, 1758)";61143;"Vu";6;;1780;"6.43746285823555";"44.7384493139928"
"Contact vertébrés";"Parc National des Ecrins";"2009-05-20";"NICOLAS Marie-Geneviève";"Marmota marmota (Linnaeus, 1758)";61143;"Vu";2;;2240;"6.46967544611174";"44.7544032094417"
"Contact vertébrés";"Parc National des Ecrins";"2008-01-17";"SEMIOND Patrice";"Martes martes (Linnaeus, 1758)";60658;"Traces ou indices de présence";1;;1800;"6.5213950690334";"44.7663492729241"
"Contact vertébrés";"Parc National des Ecrins";"2008-02-12";"TELMON Jean-Philippe";"Meles meles (Linnaeus, 1758)";60636;"Vu";1;;1860;"6.43612807209352";"44.7423086470298"
"Contact vertébrés";"Parc National des Ecrins";"2008-03-25";"TELMON Jean-Philippe";"Meles meles (Linnaeus, 1758)";60636;"Vu";1;;1860;"6.43578911617362";"44.7423392685729"
"Contact vertébrés";"Parc National des Ecrins";"2008-04-08";"TELMON Jean-Philippe";"Meles meles (Linnaeus, 1758)";60636;"Traces ou indices de présence";1;;1680;"6.44154414570264";"44.7363790039556"
"Contact vertébrés";"Parc National des Ecrins";"2010-05-21";"TELMON Jean-Philippe";"Meles meles (Linnaeus, 1758)";60636;"Entendu";1;;1740;"6.44010250083243";"44.734811565899"
"Mortalité";"Parc National des Ecrins";"2010-06-18";"BAISSET Marcel";"Microtus duodecimcostatus (de Sélys-Longchamps, 1839)";61392;"Cadavre";1;;1140;"6.55766315979116";"44.7465019736972"
"Contact vertébrés";"Parc National des Ecrins";"2010-08-08";"BAISSET Marcel";"Microtus duodecimcostatus (de Sélys-Longchamps, 1839)";61392;"Vu";1;;1160;"6.55078743080677";"44.7513677143467"
"Contact vertébrés";"Parc National des Ecrins";"2009-05-20";"NICOLAS Marie-Geneviève";"Monticola saxatilis (Linnaeus, 1758)";4084;"Mâle chanteur";1;;2220;"6.47227273965204";"44.7539725421768"
"STOC EPS";"Parc National des Ecrins";"2010-06-21";"Semiond Patrice";"Monticola saxatilis (Linnaeus, 1758)";4084;"Entendu";2;"Heure début : 08h10";2020;"6.50512096265321";"44.7316057474943"
"Contact vertébrés";"Parc National des Ecrins";"2008-01-11";"BAISSET Christian";"Montifringilla nivalis (Linnaeus, 1766)";4537;"Vu";5;;1720;"6.44487099071632";"44.7374618652375"
"Contact vertébrés";"Parc National des Ecrins";"2008-02-19";"TELMON Jean-Philippe";"Montifringilla nivalis (Linnaeus, 1766)";4537;"Vu";7;;2280;"6.40144577439573";"44.746043038487"
"Contact vertébrés";"Parc National des Ecrins";"2008-03-25";"TELMON Jean-Philippe";"Montifringilla nivalis (Linnaeus, 1766)";4537;"Vu";20;;1980;"6.43413049110825";"44.7440220876498"
"Contact vertébrés";"Parc National des Ecrins";"2009-03-13";"TELMON Jean-Philippe";"Montifringilla nivalis (Linnaeus, 1766)";4537;"Vu";2;;3020;"6.41098737828952";"44.7068113767748"
"Contact vertébrés";"Parc National des Ecrins";"2010-06-18";"BAISSET Marcel";"Motacilla cinerea Tunstall, 1771";3755;"Vu";1;;1140;"6.55906082415148";"44.7469348118578"
"Contact vertébrés";"Parc National des Ecrins";"2008-01-17";"SEMIOND Patrice";"Mustela erminea Linnaeus, 1758";60686;"Traces ou indices de présence";1;;1680;"6.5266423737694";"44.7655104649051"
"Contact vertébrés";"Parc National des Ecrins";"2008-02-15";"MAILLET Thierry";"Mustela erminea Linnaeus, 1758";60686;"Vu";1;;1960;"6.48516518861231";"44.7522631317255"
"Contact vertébrés";"Parc National des Ecrins";"2010-02-08";"TELMON Jean-Philippe";"Mustela erminea Linnaeus, 1758";60686;"Traces ou indices de présence";1;;2000;"6.43892793345368";"44.7289561848379"
"Contact vertébrés";"Parc National des Ecrins";"2010-02-21";"TELMON Jean-Philippe";"Mustela erminea Linnaeus, 1758";60686;"Traces ou indices de présence";1;;2160;"6.43100464248625";"44.7303136573192"
"Mortalité";"Parc National des Ecrins";"2008-10-07";"TELMON Jean-Philippe";"Natrix natrix auct. non (Linnaeus, 1758)";78064;"Cadavre";1;;1320;"6.49208872848352";"44.7428605414776"
"STOC EPS";"Parc National des Ecrins";"2008-06-24";"Chevalier Robert";"Nucifraga caryocatactes (Linnaeus, 1758)";4480;"Entendu";1;"Heure début : 07h00";1900;"6.51507200316557";"44.740848166782"
"STOC EPS";"Parc National des Ecrins";"2009-06-24";"Faure Joël";"Nucifraga caryocatactes (Linnaeus, 1758)";4480;"Entendu";1;"Heure début : 06h00";1900;"6.53119699126166";"44.7374793452825"
"STOC EPS";"Parc National des Ecrins";"2010-06-07";"Chevalier Robert";"Nucifraga caryocatactes (Linnaeus, 1758)";4480;"Entendu";1;"Heure début : 07h00";1900;"6.53119699126166";"44.7374793452825"
"STOC EPS";"Parc National des Ecrins";"2010-06-07";"Chevalier Robert";"Nucifraga caryocatactes (Linnaeus, 1758)";4480;"Entendu";1;"Heure début : 07h45";1900;"6.51507200316557";"44.740848166782"
"STOC EPS";"Parc National des Ecrins";"2010-06-21";"Semiond Patrice";"Nucifraga caryocatactes (Linnaeus, 1758)";4480;"Entendu";1;"Heure début : 07h10";2000;"6.50551719218858";"44.7384539799073"
"STOC EPS";"Parc National des Ecrins";"2010-06-21";"Semiond Patrice";"Nucifraga caryocatactes (Linnaeus, 1758)";4480;"Entendu";1;"Heure début : 08h10";2020;"6.50512096265321";"44.7316057474943"
"STOC EPS";"Parc National des Ecrins";"2008-06-24";"Chevalier Robert";"Oenanthe oenanthe (Linnaeus, 1758)";4064;"Entendu";2;"Heure début : 08h10";2020;"6.50512096265321";"44.7316057474943"
"Contact vertébrés";"Parc National des Ecrins";"2009-05-20";"NICOLAS Marie-Geneviève";"Oenanthe oenanthe (Linnaeus, 1758)";4064;"Vu";3;;2240;"6.46923494260214";"44.7537442348317"
"STOC EPS";"Parc National des Ecrins";"2010-06-21";"Semiond Patrice";"Oenanthe oenanthe (Linnaeus, 1758)";4064;"Entendu";1;"Heure début : 08h10";2020;"6.50512096265321";"44.7316057474943"
"Contact vertébrés";"Parc National des Ecrins";"2009-05-29";"CHEVALIER Robert";"Otus scops (Linnaeus, 1758)";3489;"Entendu";0;;1100;"6.56559411904187";"44.7423510233083"
"STOC EPS";"Parc National des Ecrins";"2008-06-24";"Chevalier Robert";"Parus ater Linnaeus, 1758";4367;"Entendu";1;"Heure début : 07h20";1960;"6.51042373040439";"44.7395201844961"
"STOC EPS";"Parc National des Ecrins";"2009-05-29";"Chevalier Robert";"Parus ater Linnaeus, 1758";4367;"Entendu";1;"Heure début : 07h15";1900;"6.51507200316557";"44.740848166782"
"STOC EPS";"Parc National des Ecrins";"2009-05-29";"Chevalier Robert";"Parus ater Linnaeus, 1758";4367;"Entendu";1;"Heure début : 08h40";1940;"6.50197253846581";"44.7259694772202"
"STOC EPS";"Parc National des Ecrins";"2009-05-29";"Chevalier Robert";"Parus ater Linnaeus, 1758";4367;"Entendu";2;"Heure début : 07h40";2000;"6.50551719218858";"44.7384539799073"
"STOC EPS";"Parc National des Ecrins";"2009-06-24";"Faure Joël";"Parus ater Linnaeus, 1758";4367;"Entendu";1;"Heure début : 06h00";1900;"6.53119699126166";"44.7374793452825"
"STOC EPS";"Parc National des Ecrins";"2009-06-24";"Faure Joël";"Parus ater Linnaeus, 1758";4367;"Entendu";1;"Heure début : 06h43";2000;"6.50551719218858";"44.7384539799073"
"STOC EPS";"Parc National des Ecrins";"2010-06-07";"Chevalier Robert";"Parus ater Linnaeus, 1758";4367;"Entendu";1;"Heure début : 07h20";1900;"6.52614494917933";"44.7383560940515"
"STOC EPS";"Parc National des Ecrins";"2010-06-07";"Chevalier Robert";"Parus ater Linnaeus, 1758";4367;"Entendu";1;"Heure début : 08h05";1960;"6.51042373040439";"44.7395201844961"
"STOC EPS";"Parc National des Ecrins";"2010-06-21";"Semiond Patrice";"Parus ater Linnaeus, 1758";4367;"Entendu";1;"Heure début : 06h05";1900;"6.53119699126166";"44.7374793452825"
"STOC EPS";"Parc National des Ecrins";"2010-06-21";"Semiond Patrice";"Parus ater Linnaeus, 1758";4367;"Entendu";1;"Heure début : 06h15";1900;"6.52614494917933";"44.7383560940515"
"STOC EPS";"Parc National des Ecrins";"2010-06-21";"Semiond Patrice";"Parus ater Linnaeus, 1758";4367;"Entendu";1;"Heure début : 08h45";1940;"6.50197253846581";"44.7259694772202"
"STOC EPS";"Parc National des Ecrins";"2010-06-21";"Semiond Patrice";"Parus ater Linnaeus, 1758";4367;"Entendu";1;"Heure début : 07h00";1960;"6.51042373040439";"44.7395201844961"
"STOC EPS";"Parc National des Ecrins";"2010-06-21";"Semiond Patrice";"Parus ater Linnaeus, 1758";4367;"Entendu";1;"Heure début : 07h10";2000;"6.50551719218858";"44.7384539799073"
"Contact vertébrés";"Parc National des Ecrins";"2008-01-11";"BAISSET Christian";"Parus caeruleus Linnaeus, 1758";3760;"Vu";1;;1720;"6.44408950728848";"44.7379005554929"
"STOC EPS";"Parc National des Ecrins";"2009-05-29";"Chevalier Robert";"Parus caeruleus Linnaeus, 1758";3760;"Entendu";2;"Heure début : 07h40";2000;"6.50551719218858";"44.7384539799073"
"STOC EPS";"Parc National des Ecrins";"2010-06-21";"Semiond Patrice";"Parus cristatus Linnaeus, 1758";4361;"Entendu";1;"Heure début : 07h00";1960;"6.51042373040439";"44.7395201844961"
"STOC EPS";"Parc National des Ecrins";"2008-06-24";"Chevalier Robert";"Parus montanus Conrad von Baldenstein, 1827";4355;"Entendu";1;"Heure début : 08h50";1940;"6.50197253846581";"44.7259694772202"
"STOC EPS";"Parc National des Ecrins";"2009-05-29";"Chevalier Robert";"Parus montanus Conrad von Baldenstein, 1827";4355;"Entendu";1;"Heure début : 07h05";1840;"6.5212893643203";"44.7410175323082"
"STOC EPS";"Parc National des Ecrins";"2009-05-29";"Chevalier Robert";"Parus montanus Conrad von Baldenstein, 1827";4355;"Entendu";1;"Heure début : 06h50";1900;"6.53119699126166";"44.7374793452825"
"STOC EPS";"Parc National des Ecrins";"2009-05-29";"Chevalier Robert";"Parus montanus Conrad von Baldenstein, 1827";4355;"Entendu";1;"Heure début : 07h15";1900;"6.51507200316557";"44.740848166782"
"STOC EPS";"Parc National des Ecrins";"2009-05-29";"Chevalier Robert";"Parus montanus Conrad von Baldenstein, 1827";4355;"Entendu";1;"Heure début : 08h40";1940;"6.50197253846581";"44.7259694772202"
"STOC EPS";"Parc National des Ecrins";"2009-05-29";"Chevalier Robert";"Parus montanus Conrad von Baldenstein, 1827";4355;"Entendu";2;"Heure début : 07h30";1960;"6.51042373040439";"44.7395201844961"
"STOC EPS";"Parc National des Ecrins";"2009-05-29";"Chevalier Robert";"Parus montanus Conrad von Baldenstein, 1827";4355;"Entendu";2;"Heure début : 07h50";2020;"6.50512096265321";"44.7316057474943"
"STOC EPS";"Parc National des Ecrins";"2009-05-29";"Chevalier Robert";"Parus montanus Conrad von Baldenstein, 1827";4355;"Entendu";1;"Heure début : 08h04";2040;"6.50684625425234";"44.7272892236858"
"STOC EPS";"Parc National des Ecrins";"2009-06-24";"Faure Joël";"Parus montanus Conrad von Baldenstein, 1827";4355;"Entendu";1;"Heure début : 06h10";1900;"6.52614494917933";"44.7383560940515"
"STOC EPS";"Parc National des Ecrins";"2009-06-24";"Faure Joël";"Parus montanus Conrad von Baldenstein, 1827";4355;"Entendu";1;"Heure début : 06h27";1900;"6.51507200316557";"44.740848166782"
"STOC EPS";"Parc National des Ecrins";"2010-06-07";"Chevalier Robert";"Parus montanus Conrad von Baldenstein, 1827";4355;"Entendu";1;"Heure début : 07h25";1840;"6.5212893643203";"44.7410175323082"
"STOC EPS";"Parc National des Ecrins";"2010-06-07";"Chevalier Robert";"Parus montanus Conrad von Baldenstein, 1827";4355;"Entendu";1;"Heure début : 07h00";1900;"6.53119699126166";"44.7374793452825"
"STOC EPS";"Parc National des Ecrins";"2010-06-07";"Chevalier Robert";"Parus montanus Conrad von Baldenstein, 1827";4355;"Entendu";1;"Heure début : 07h20";1900;"6.52614494917933";"44.7383560940515"
"STOC EPS";"Parc National des Ecrins";"2010-06-07";"Chevalier Robert";"Parus montanus Conrad von Baldenstein, 1827";4355;"Entendu";1;"Heure début : 08h05";1960;"6.51042373040439";"44.7395201844961"
"STOC EPS";"Parc National des Ecrins";"2010-06-21";"Semiond Patrice";"Parus montanus Conrad von Baldenstein, 1827";4355;"Entendu";1;"Heure début : 06h15";1900;"6.52614494917933";"44.7383560940515"
"STOC EPS";"Parc National des Ecrins";"2010-06-21";"Semiond Patrice";"Parus montanus Conrad von Baldenstein, 1827";4355;"Entendu";1;"Heure début : 06h45";1900;"6.51507200316557";"44.740848166782"
"STOC EPS";"Parc National des Ecrins";"2010-06-21";"Semiond Patrice";"Parus montanus Conrad von Baldenstein, 1827";4355;"Entendu";2;"Heure début : 06h05";1900;"6.53119699126166";"44.7374793452825"
"STOC EPS";"Parc National des Ecrins";"2010-06-21";"Semiond Patrice";"Parus montanus Conrad von Baldenstein, 1827";4355;"Entendu";1;"Heure début : 08h45";1940;"6.50197253846581";"44.7259694772202"
"STOC EPS";"Parc National des Ecrins";"2010-06-21";"Semiond Patrice";"Parus montanus Conrad von Baldenstein, 1827";4355;"Entendu";1;"Heure début : 07h00";1960;"6.51042373040439";"44.7395201844961"
"Contact vertébrés";"Parc National des Ecrins";"2009-02-16";"TELMON Jean-Philippe";"Phalacrocorax carbo (Linnaeus, 1758)";2440;"Vu";1;;1140;"6.56104106214348";"44.7433641726303"
"Contact vertébrés";"Parc National des Ecrins";"2008-02-27";"NICOLAS Marie-Geneviève";"Phoenicurus ochruros (S. G. Gmelin, 1774)";4035;"Vu";1;;1140;"6.56809773705139";"44.7387429879355"
"Contact vertébrés";"Parc National des Ecrins";"2009-04-13";"NICOLAS Marie-Geneviève";"Phoenicurus ochruros (S. G. Gmelin, 1774)";4035;"Entendu";1;;1780;"6.43748684556317";"44.7382592889128"
"Contact vertébrés";"Parc National des Ecrins";"2009-05-20";"NICOLAS Marie-Geneviève";"Phoenicurus ochruros (S. G. Gmelin, 1774)";4035;"Entendu";1;;2240;"6.47518778658362";"44.753737033162"
"STOC EPS";"Parc National des Ecrins";"2009-05-29";"Chevalier Robert";"Phoenicurus ochruros (S. G. Gmelin, 1774)";4035;"Entendu";1;"Heure début : 08h40";1940;"6.50197253846581";"44.7259694772202"
"STOC EPS";"Parc National des Ecrins";"2009-05-29";"Chevalier Robert";"Phoenicurus ochruros (S. G. Gmelin, 1774)";4035;"Entendu";1;"Heure début : 07h30";1960;"6.51042373040439";"44.7395201844961"
"STOC EPS";"Parc National des Ecrins";"2009-05-29";"Chevalier Robert";"Phoenicurus ochruros (S. G. Gmelin, 1774)";4035;"Entendu";1;"Heure début : 07h50";2020;"6.50512096265321";"44.7316057474943"
"STOC EPS";"Parc National des Ecrins";"2010-06-07";"Chevalier Robert";"Phoenicurus ochruros (S. G. Gmelin, 1774)";4035;"Entendu";1;"Heure début : 07h25";1840;"6.5212893643203";"44.7410175323082"
"STOC EPS";"Parc National des Ecrins";"2010-06-07";"Chevalier Robert";"Phoenicurus ochruros (S. G. Gmelin, 1774)";4035;"Entendu";1;"Heure début : 07h20";1900;"6.52614494917933";"44.7383560940515"
"STOC EPS";"Parc National des Ecrins";"2010-06-07";"Chevalier Robert";"Phoenicurus ochruros (S. G. Gmelin, 1774)";4035;"Entendu";1;"Heure début : 08h30";2000;"6.50551719218858";"44.7384539799073"
"STOC EPS";"Parc National des Ecrins";"2010-06-21";"Semiond Patrice";"Phoenicurus ochruros (S. G. Gmelin, 1774)";4035;"Entendu";2;"Heure début : 07h10";2000;"6.50551719218858";"44.7384539799073"
"STOC EPS";"Parc National des Ecrins";"2010-06-21";"Semiond Patrice";"Phoenicurus ochruros (S. G. Gmelin, 1774)";4035;"Entendu";1;"Heure début : 08h10";2020;"6.50512096265321";"44.7316057474943"
"STOC EPS";"Parc National des Ecrins";"2009-05-29";"Chevalier Robert";"Phylloscopus bonelli (Vieillot, 1819)";4269;"Entendu";2;"Heure début : 07h05";1840;"6.5212893643203";"44.7410175323082"
"STOC EPS";"Parc National des Ecrins";"2009-05-29";"Chevalier Robert";"Phylloscopus bonelli (Vieillot, 1819)";4269;"Entendu";1;"Heure début : 07h15";1900;"6.51507200316557";"44.740848166782"
"STOC EPS";"Parc National des Ecrins";"2010-06-07";"Chevalier Robert";"Phylloscopus bonelli (Vieillot, 1819)";4269;"Entendu";1;"Heure début : 07h00";1900;"6.53119699126166";"44.7374793452825"
"STOC EPS";"Parc National des Ecrins";"2010-06-07";"Chevalier Robert";"Phylloscopus bonelli (Vieillot, 1819)";4269;"Entendu";1;"Heure début : 07h20";1900;"6.52614494917933";"44.7383560940515"
"STOC EPS";"Parc National des Ecrins";"2010-06-21";"Semiond Patrice";"Phylloscopus bonelli (Vieillot, 1819)";4269;"Entendu";1;"Heure début : 06h45";1900;"6.51507200316557";"44.740848166782"
"STOC EPS";"Parc National des Ecrins";"2008-06-24";"Chevalier Robert";"Phylloscopus collybita (Vieillot, 1887)";4280;"Entendu";1;"Heure début : 08h50";1940;"6.50197253846581";"44.7259694772202"
"STOC EPS";"Parc National des Ecrins";"2008-06-24";"Chevalier Robert";"Phylloscopus collybita (Vieillot, 1887)";4280;"Entendu";1;"Heure début : 07h20";1960;"6.51042373040439";"44.7395201844961"
"STOC EPS";"Parc National des Ecrins";"2009-05-29";"Chevalier Robert";"Phylloscopus collybita (Vieillot, 1887)";4280;"Entendu";2;"Heure début : 07h05";1840;"6.5212893643203";"44.7410175323082"
"STOC EPS";"Parc National des Ecrins";"2009-05-29";"Chevalier Robert";"Phylloscopus collybita (Vieillot, 1887)";4280;"Entendu";1;"Heure début : 06h57";1900;"6.52614494917933";"44.7383560940515"
"STOC EPS";"Parc National des Ecrins";"2009-05-29";"Chevalier Robert";"Phylloscopus collybita (Vieillot, 1887)";4280;"Entendu";1;"Heure début : 07h15";1900;"6.51507200316557";"44.740848166782"
"STOC EPS";"Parc National des Ecrins";"2009-05-29";"Chevalier Robert";"Phylloscopus collybita (Vieillot, 1887)";4280;"Entendu";1;"Heure début : 07h30";1960;"6.51042373040439";"44.7395201844961"
"STOC EPS";"Parc National des Ecrins";"2009-05-29";"Chevalier Robert";"Phylloscopus collybita (Vieillot, 1887)";4280;"Entendu";1;"Heure début : 07h50";2020;"6.50512096265321";"44.7316057474943"
"STOC EPS";"Parc National des Ecrins";"2009-06-24";"Faure Joël";"Phylloscopus collybita (Vieillot, 1887)";4280;"Entendu";1;"Heure début : 06h20";1840;"6.5212893643203";"44.7410175323082"
"STOC EPS";"Parc National des Ecrins";"2009-06-24";"Faure Joël";"Phylloscopus collybita (Vieillot, 1887)";4280;"Entendu";2;"Heure début : 06h27";1900;"6.51507200316557";"44.740848166782"
"STOC EPS";"Parc National des Ecrins";"2009-06-24";"Faure Joël";"Phylloscopus collybita (Vieillot, 1887)";4280;"Entendu";1;"Heure début : 08h40";1940;"6.50197253846581";"44.7259694772202"
"STOC EPS";"Parc National des Ecrins";"2010-06-07";"Chevalier Robert";"Phylloscopus collybita (Vieillot, 1887)";4280;"Entendu";1;"Heure début : 07h25";1840;"6.5212893643203";"44.7410175323082"
"STOC EPS";"Parc National des Ecrins";"2010-06-07";"Chevalier Robert";"Phylloscopus collybita (Vieillot, 1887)";4280;"Entendu";1;"Heure début : 07h20";1900;"6.52614494917933";"44.7383560940515"
"STOC EPS";"Parc National des Ecrins";"2010-06-07";"Chevalier Robert";"Phylloscopus collybita (Vieillot, 1887)";4280;"Entendu";2;"Heure début : 07h45";1900;"6.51507200316557";"44.740848166782"
"STOC EPS";"Parc National des Ecrins";"2010-06-21";"Semiond Patrice";"Phylloscopus collybita (Vieillot, 1887)";4280;"Entendu";1;"Heure début : 06h35";1840;"6.5212893643203";"44.7410175323082"
"STOC EPS";"Parc National des Ecrins";"2010-06-21";"Semiond Patrice";"Phylloscopus collybita (Vieillot, 1887)";4280;"Entendu";1;"Heure début : 06h15";1900;"6.52614494917933";"44.7383560940515"
"STOC EPS";"Parc National des Ecrins";"2010-06-21";"Semiond Patrice";"Phylloscopus collybita (Vieillot, 1887)";4280;"Entendu";1;"Heure début : 06h45";1900;"6.51507200316557";"44.740848166782"
"STOC EPS";"Parc National des Ecrins";"2010-06-21";"Semiond Patrice";"Phylloscopus collybita (Vieillot, 1887)";4280;"Entendu";1;"Heure début : 08h45";1940;"6.50197253846581";"44.7259694772202"
"Contact vertébrés";"Parc National des Ecrins";"2008-03-04";"TELMON Jean-Philippe";"Picus viridis Linnaeus, 1758";3603;"Vu";1;;1720;"6.44409702764589";"44.7374186678338"
"Contact vertébrés";"Parc National des Ecrins";"2008-10-07";"TELMON Jean-Philippe";"Picus viridis Linnaeus, 1758";3603;"Vu";1;;1320;"6.49849855797824";"44.7451044912228"
"STOC EPS";"Parc National des Ecrins";"2010-06-07";"Chevalier Robert";"Picus viridis Linnaeus, 1758";3603;"Entendu";1;"Heure début : 07h25";1840;"6.5212893643203";"44.7410175323082"
"Suivi chiroptères";"Parc National des Ecrins";"2009-08-03";"CORAIL Marc";"Plecotus auritus (Linnaeus, 1758)";60518;"Vu";5;"Temple Les Viollins - église - 4 individus en vol, non capturés. Collecte 1 cadavre. Photos.";1300;"6.50205769041109";"44.7458887043871"
"Suivi chiroptères";"Parc National des Ecrins";"2009-08-03";"NICOLAS Marie-Geneviève";"Plecotus auritus (Linnaeus, 1758)";60518;"Vu";5;"Temple Les Viollins - église - 4 actifs et 1 cadavre";1300;"6.50205769041109";"44.7458887043871"
"Contact vertébrés";"Parc National des Ecrins";"2008-02-20";"BAISSET Christian";"Podarcis muralis (Laurenti, 1768)";77756;"Entendu";2;;1420;"6.54602206040468";"44.756575745348"
"Contact vertébrés";"Parc National des Ecrins";"2008-01-11";"BAISSET Christian";"Prunella collaris (Scopoli, 1769)";3984;"Vu";5;;1500;"6.44755693440868";"44.7344616448925"
"Contact vertébrés";"Parc National des Ecrins";"2010-02-07";"TELMON Jean-Philippe";"Prunella collaris (Scopoli, 1769)";3984;"Vu";3;;1740;"6.43969928533286";"44.7372402721243"
"STOC EPS";"Parc National des Ecrins";"2008-06-24";"Chevalier Robert";"Prunella modularis (Linnaeus, 1758)";3978;"Entendu";1;"Heure début : 08h50";1940;"6.50197253846581";"44.7259694772202"
"STOC EPS";"Parc National des Ecrins";"2008-06-24";"Chevalier Robert";"Prunella modularis (Linnaeus, 1758)";3978;"Entendu";1;"Heure début : 07h20";1960;"6.51042373040439";"44.7395201844961"
"STOC EPS";"Parc National des Ecrins";"2009-05-29";"Chevalier Robert";"Prunella modularis (Linnaeus, 1758)";3978;"Entendu";2;"Heure début : 06h57";1900;"6.52614494917933";"44.7383560940515"
"STOC EPS";"Parc National des Ecrins";"2009-05-29";"Chevalier Robert";"Prunella modularis (Linnaeus, 1758)";3978;"Entendu";1;"Heure début : 07h50";2020;"6.50512096265321";"44.7316057474943"
"STOC EPS";"Parc National des Ecrins";"2009-06-24";"Faure Joël";"Prunella modularis (Linnaeus, 1758)";3978;"Entendu";1;"Heure début : 06h10";1900;"6.52614494917933";"44.7383560940515"
"STOC EPS";"Parc National des Ecrins";"2009-06-24";"Faure Joël";"Prunella modularis (Linnaeus, 1758)";3978;"Entendu";1;"Heure début : 08h40";1940;"6.50197253846581";"44.7259694772202"
"STOC EPS";"Parc National des Ecrins";"2009-06-24";"Faure Joël";"Prunella modularis (Linnaeus, 1758)";3978;"Entendu";1;"Heure début : 06h43";2000;"6.50551719218858";"44.7384539799073"
"STOC EPS";"Parc National des Ecrins";"2010-06-07";"Chevalier Robert";"Prunella modularis (Linnaeus, 1758)";3978;"Entendu";1;"Heure début : 07h20";1900;"6.52614494917933";"44.7383560940515"
"STOC EPS";"Parc National des Ecrins";"2010-06-07";"Chevalier Robert";"Prunella modularis (Linnaeus, 1758)";3978;"Entendu";1;"Heure début : 09h40";1940;"6.50197253846581";"44.7259694772202"
"STOC EPS";"Parc National des Ecrins";"2010-06-07";"Chevalier Robert";"Prunella modularis (Linnaeus, 1758)";3978;"Entendu";1;"Heure début : 08h30";2000;"6.50551719218858";"44.7384539799073"
"STOC EPS";"Parc National des Ecrins";"2010-06-07";"Chevalier Robert";"Prunella modularis (Linnaeus, 1758)";3978;"Entendu";1;"Heure début : 09h10";2040;"6.50684625425234";"44.7272892236858"
"STOC EPS";"Parc National des Ecrins";"2010-06-21";"Semiond Patrice";"Prunella modularis (Linnaeus, 1758)";3978;"Entendu";1;"Heure début : 06h35";1840;"6.5212893643203";"44.7410175323082"
"STOC EPS";"Parc National des Ecrins";"2010-06-21";"Semiond Patrice";"Prunella modularis (Linnaeus, 1758)";3978;"Entendu";2;"Heure début : 06h15";1900;"6.52614494917933";"44.7383560940515"
"STOC EPS";"Parc National des Ecrins";"2010-06-21";"Semiond Patrice";"Prunella modularis (Linnaeus, 1758)";3978;"Entendu";1;"Heure début : 08h45";1940;"6.50197253846581";"44.7259694772202"
"Contact vertébrés";"Parc National des Ecrins";"2009-05-20";"NICOLAS Marie-Geneviève";"Pyrrhocorax graculus (Linnaeus, 1766)";4485;"Vu";10;;2220;"6.4682199749133";"44.7519809766642"
"Contact vertébrés";"Parc National des Ecrins";"2010-01-13";"TELMON Jean-Philippe";"Pyrrhocorax graculus (Linnaeus, 1766)";4485;"Vu";100;;1860;"6.43118172974135";"44.7436183292168"
"Contact vertébrés";"Parc National des Ecrins";"2008-10-07";"TELMON Jean-Philippe";"Pyrrhocorax pyrrhocorax (Linnaeus, 1758)";4488;"Vu";10;;2420;"6.43464831512235";"44.7108778700563"
"STOC EPS";"Parc National des Ecrins";"2009-05-29";"Chevalier Robert";"Pyrrhocorax pyrrhocorax (Linnaeus, 1758)";4488;"Entendu";1;"Heure début : 07h50";2020;"6.50512096265321";"44.7316057474943"
"STOC EPS";"Parc National des Ecrins";"2009-06-24";"Faure Joël";"Pyrrhocorax pyrrhocorax (Linnaeus, 1758)";4488;"Entendu";1;"Heure début : 06h43";2000;"6.50551719218858";"44.7384539799073"
"STOC EPS";"Parc National des Ecrins";"2010-06-07";"Chevalier Robert";"Pyrrhocorax pyrrhocorax (Linnaeus, 1758)";4488;"Entendu";3;"Heure début : 08h50";2020;"6.50512096265321";"44.7316057474943"
"STOC EPS";"Parc National des Ecrins";"2009-05-29";"Chevalier Robert";"Pyrrhula pyrrhula (Linnaeus, 1758)";4619;"Entendu";3;"Heure début : 07h40";2000;"6.50551719218858";"44.7384539799073"
"STOC EPS";"Parc National des Ecrins";"2009-06-24";"Faure Joël";"Pyrrhula pyrrhula (Linnaeus, 1758)";4619;"Entendu";1;"Heure début : 06h20";1840;"6.5212893643203";"44.7410175323082"
"STOC EPS";"Parc National des Ecrins";"2009-06-24";"Faure Joël";"Pyrrhula pyrrhula (Linnaeus, 1758)";4619;"Entendu";2;"Heure début : 06h10";1900;"6.52614494917933";"44.7383560940515"
"STOC EPS";"Parc National des Ecrins";"2010-06-07";"Chevalier Robert";"Pyrrhula pyrrhula (Linnaeus, 1758)";4619;"Entendu";2;"Heure début : 08h05";1960;"6.51042373040439";"44.7395201844961"
"STOC EPS";"Parc National des Ecrins";"2010-06-21";"Semiond Patrice";"Pyrrhula pyrrhula (Linnaeus, 1758)";4619;"Entendu";1;"Heure début : 06h15";1900;"6.52614494917933";"44.7383560940515"
"STOC EPS";"Parc National des Ecrins";"2010-06-21";"Semiond Patrice";"Pyrrhula pyrrhula (Linnaeus, 1758)";4619;"Entendu";2;"Heure début : 06h05";1900;"6.53119699126166";"44.7374793452825"
"STOC EPS";"Parc National des Ecrins";"2010-06-21";"Semiond Patrice";"Pyrrhula pyrrhula (Linnaeus, 1758)";4619;"Entendu";2;"Heure début : 06h45";1900;"6.51507200316557";"44.740848166782"
"STOC EPS";"Parc National des Ecrins";"2010-06-21";"Semiond Patrice";"Pyrrhula pyrrhula (Linnaeus, 1758)";4619;"Entendu";1;"Heure début : 07h00";1960;"6.51042373040439";"44.7395201844961"
"STOC EPS";"Parc National des Ecrins";"2010-06-21";"Semiond Patrice";"Pyrrhula pyrrhula (Linnaeus, 1758)";4619;"Entendu";1;"Heure début : 07h10";2000;"6.50551719218858";"44.7384539799073"
"Contact vertébrés";"Parc National des Ecrins";"2008-11-20";"CHEVALIER Robert";"Regulus regulus (Linnaeus, 1758)";4308;"Vu";1;;1900;"6.41637800432279";"44.7411142632291"
"Mortalité";"Parc National des Ecrins";"2008-02-19";"TELMON Jean-Philippe";"Rupicapra rupicapra (Linnaeus, 1758)";61119;"Cadavre";1;;1940;"6.40944582484261";"44.7408393250006"
"Mortalité";"Parc National des Ecrins";"2009-04-06";"TELMON Jean-Philippe";"Rupicapra rupicapra (Linnaeus, 1758)";61119;"Cadavre";4;;1860;"6.42726915139343";"44.7442049383829"
"Mortalité";"Parc National des Ecrins";"2009-04-06";"TELMON Jean-Philippe";"Rupicapra rupicapra (Linnaeus, 1758)";61119;"Cadavre";1;;1900;"6.41472719324208";"44.7423912017086"
"Mortalité";"Parc National des Ecrins";"2009-04-06";"TELMON Jean-Philippe";"Rupicapra rupicapra (Linnaeus, 1758)";61119;"Cadavre";1;;1900;"6.41707754764315";"44.7434299737607"
"Contact vertébrés";"Parc National des Ecrins";"2009-05-20";"NICOLAS Marie-Geneviève";"Rupicapra rupicapra (Linnaeus, 1758)";61119;"Vu";3;;2240;"6.47025660661417";"44.7543994286865"
"Mortalité";"Parc National des Ecrins";"2010-02-21";"TELMON Jean-Philippe";"Rupicapra rupicapra (Linnaeus, 1758)";61119;"Cadavre";1;;1860;"6.43349114926101";"44.742884044833"
"Mortalité";"Parc National des Ecrins";"2010-03-08";"TELMON Jean-Philippe";"Rupicapra rupicapra (Linnaeus, 1758)";61119;"Cadavre";1;;1880;"6.41810641282773";"44.7433288297755"
"Mortalité";"Parc National des Ecrins";"2010-03-08";"TELMON Jean-Philippe";"Rupicapra rupicapra (Linnaeus, 1758)";61119;"Cadavre";1;;1880;"6.41980196207139";"44.7438784426083"
"Mortalité";"Parc National des Ecrins";"2010-03-08";"TELMON Jean-Philippe";"Rupicapra rupicapra (Linnaeus, 1758)";61119;"Cadavre";1;;1900;"6.41632300219361";"44.7431336865708"
"Contact vertébrés";"Parc National des Ecrins";"2010-08-16";"TELMON Jean-Philippe";"Salmo trutta Linnaeus, 1758";67772;"Vu";10;"le 3/02/14 toutes les truites fario (Salmo trutta fario, cd_nom 67778) sont rattachées à la truite commune (Salmo trutta 67772)";940;"6.57028997610963";"44.7585375604561"
"STOC EPS";"Parc National des Ecrins";"2009-05-29";"Chevalier Robert";"Saxicola rubetra (Linnaeus, 1758)";4049;"Entendu";2;"Heure début : 08h04";2040;"6.50684625425234";"44.7272892236858"
"Contact vertébrés";"Parc National des Ecrins";"2009-09-22";"TELMON Jean-Philippe";"Saxicola rubetra (Linnaeus, 1758)";4049;"Vu";4;;2220;"6.43931091867795";"44.7162521146725"
"STOC EPS";"Parc National des Ecrins";"2010-06-07";"Chevalier Robert";"Saxicola rubetra (Linnaeus, 1758)";4049;"Entendu";2;"Heure début : 09h10";2040;"6.50684625425234";"44.7272892236858"
"STOC EPS";"Parc National des Ecrins";"2010-06-21";"Semiond Patrice";"Saxicola rubetra (Linnaeus, 1758)";4049;"Entendu";4;"Heure début : 08h30";2040;"6.50684625425234";"44.7272892236858"
"Contact vertébrés";"Parc National des Ecrins";"2008-01-17";"SEMIOND Patrice";"Sciurus vulgaris Linnaeus, 1758";61153;"Traces ou indices de présence";1;;1840;"6.51986585468184";"44.7666955328225"
"Contact vertébrés";"Parc National des Ecrins";"2008-03-08";"MAILLET Thierry";"Sciurus vulgaris Linnaeus, 1758";61153;"Vu";1;;1840;"6.42747275319515";"44.740765995578"
"Contact vertébrés";"Parc National des Ecrins";"2008-01-23";"TELMON Jean-Philippe";"Strix aluco Linnaeus, 1758";3518;"Vu";1;;1200;"6.53959080177128";"44.7540920527087"
"Contact vertébrés";"Parc National des Ecrins";"2009-04-06";"TELMON Jean-Philippe";"Sus scrofa Linnaeus, 1758";60981;"Traces ou indices de présence";1;;1820;"6.44664862677978";"44.7401605269483"
"Contact vertébrés";"Parc National des Ecrins";"2009-09-24";"MAILLET Thierry";"Sus scrofa Linnaeus, 1758";60981;"Traces ou indices de présence";0;;1720;"6.44486439902051";"44.7373720475571"
"Contact vertébrés";"Parc National des Ecrins";"2009-11-06";"TELMON Jean-Philippe";"Sus scrofa Linnaeus, 1758";60981;"Traces ou indices de présence";1;;1760;"6.44368151427873";"44.7381276439881"
"STOC EPS";"Parc National des Ecrins";"2009-06-24";"Faure Joël";"Sylvia atricapilla (Linnaeus, 1758)";4257;"Entendu";1;"Heure début : 08h40";1940;"6.50197253846581";"44.7259694772202"
"STOC EPS";"Parc National des Ecrins";"2010-06-21";"Semiond Patrice";"Sylvia atricapilla (Linnaeus, 1758)";4257;"Entendu";1;"Heure début : 08h45";1940;"6.50197253846581";"44.7259694772202"
"Contact vertébrés";"Parc National des Ecrins";"2010-07-26";"TELMON Jean-Philippe";"Tachymarptis melba (Linnaeus, 1758)";3561;"Vu";5;;2140;"6.44447401804096";"44.7093230148393"
"Contact vertébrés";"Parc National des Ecrins";"2008-02-12";"TELMON Jean-Philippe";"Tetrao tetrix Linnaeus, 1758";2960;"Traces ou indices de présence";3;;2040;"6.43658267536425";"44.7297099487994"
"Contact vertébrés";"Parc National des Ecrins";"2008-02-24";"TELMON Jean-Philippe";"Tetrao tetrix Linnaeus, 1758";2960;"Vu";1;;1920;"6.51270695529666";"44.7610674594989"
"Contact vertébrés";"Parc National des Ecrins";"2008-03-04";"TELMON Jean-Philippe";"Tetrao tetrix Linnaeus, 1758";2960;"Vu";1;;2200;"6.42387063903834";"44.7374682863059"
"Contact vertébrés";"Parc National des Ecrins";"2008-04-08";"TELMON Jean-Philippe";"Tetrao tetrix Linnaeus, 1758";2960;"Mâle chanteur";3;;2060;"6.434962141113";"44.7315624873715"
"Contact vertébrés";"Parc National des Ecrins";"2009-02-11";"TELMON Jean-Philippe";"Tetrao tetrix Linnaeus, 1758";2960;"Vu";1;;2040;"6.43526982545765";"44.7326588126188"
"Contact vertébrés";"Parc National des Ecrins";"2009-03-13";"TELMON Jean-Philippe";"Tetrao tetrix Linnaeus, 1758";2960;"Traces ou indices de présence";1;;2020;"6.43661009616673";"44.7304294296303"
"Contact vertébrés";"Parc National des Ecrins";"2009-04-13";"NICOLAS Marie-Geneviève";"Tetrao tetrix Linnaeus, 1758";2960;"Mâle chanteur";1;;1820;"6.43334524418485";"44.7388186264483"
"STOC EPS";"Parc National des Ecrins";"2009-05-29";"Chevalier Robert";"Tetrao tetrix Linnaeus, 1758";2960;"Entendu";1;"Heure début : 06h50";1900;"6.53119699126166";"44.7374793452825"
"Contact vertébrés";"Parc National des Ecrins";"2009-10-01";"TELMON Jean-Philippe";"Tetrao tetrix Linnaeus, 1758";2960;"Entendu";1;;1960;"6.43783262072658";"44.7321131343962"
"Contact vertébrés";"Parc National des Ecrins";"2010-02-07";"TELMON Jean-Philippe";"Tetrao tetrix Linnaeus, 1758";2960;"Vu";1;;2040;"6.43329130388571";"44.734110352022"
"Contact vertébrés";"Parc National des Ecrins";"2010-02-08";"TELMON Jean-Philippe";"Tetrao tetrix Linnaeus, 1758";2960;"Traces ou indices de présence";1;;2040;"6.43663626100689";"44.7299241050502"
"Contact vertébrés";"Parc National des Ecrins";"2010-02-21";"TELMON Jean-Philippe";"Tetrao tetrix Linnaeus, 1758";2960;"Traces ou indices de présence";1;;2060;"6.43581100844654";"44.7293513931126"
"Contact vertébrés";"Parc National des Ecrins";"2010-04-17";"TELMON Jean-Philippe";"Tetrao tetrix Linnaeus, 1758";2960;"Traces ou indices de présence";1;;2040;"6.43592914447798";"44.7302746424695"
"Contact vertébrés";"Parc National des Ecrins";"2010-05-18";"TELMON Jean-Philippe";"Tetrao tetrix Linnaeus, 1758";2960;"Mâle chanteur";1;;1920;"6.49559972216863";"44.728713750899"
"Contact vertébrés";"Parc National des Ecrins";"2010-05-18";"TELMON Jean-Philippe";"Tetrao tetrix Linnaeus, 1758";2960;"Vu";1;;2020;"6.51013955501376";"44.7383414963254"
"Contact vertébrés";"Parc National des Ecrins";"2010-05-18";"TELMON Jean-Philippe";"Tetrao tetrix Linnaeus, 1758";2960;"Mâle chanteur";2;;2060;"6.50616261868561";"44.7246487720072"
"Contact vertébrés";"Parc National des Ecrins";"2010-05-21";"DELENATTE Blandine";"Tetrao tetrix Linnaeus, 1758";2960;"Vu";1;;1940;"6.41854087121696";"44.7404487651391"
"Contact vertébrés";"Parc National des Ecrins";"2010-05-21";"TELMON Jean-Philippe";"Tetrao tetrix Linnaeus, 1758";2960;"Mâle chanteur";1;;2100;"6.43714768783199";"44.7274193432263"
"STOC EPS";"Parc National des Ecrins";"2010-06-07";"Chevalier Robert";"Tetrao tetrix Linnaeus, 1758";2960;"Entendu";2;"Heure début : 07h20";1900;"6.52614494917933";"44.7383560940515"
"STOC EPS";"Parc National des Ecrins";"2010-06-07";"Chevalier Robert";"Tetrao tetrix Linnaeus, 1758";2960;"Entendu";3;"Heure début : 07h00";1900;"6.53119699126166";"44.7374793452825"
"STOC EPS";"Parc National des Ecrins";"2010-06-21";"Semiond Patrice";"Tetrao tetrix Linnaeus, 1758";2960;"Entendu";1;"Heure début : 06h05";1900;"6.53119699126166";"44.7374793452825"
"STOC EPS";"Parc National des Ecrins";"2010-06-21";"Semiond Patrice";"Tetrao tetrix Linnaeus, 1758";2960;"Entendu";2;"Heure début : 06h15";1900;"6.52614494917933";"44.7383560940515"
"Contact vertébrés";"Parc National des Ecrins";"2008-02-17";"TELMON Jean-Philippe";"Tichodroma muraria (Linnaeus, 1758)";3780;"Vu";2;;1640;"6.44687533457816";"44.735675910972"
"Contact vertébrés";"Parc National des Ecrins";"2008-07-22";"CHEVALIER Robert";"Tichodroma muraria (Linnaeus, 1758)";3780;"Jeunes fraîchement envolés ou poussins";4;;2160;"6.45207194113697";"44.7077064349458"
"Contact vertébrés";"Parc National des Ecrins";"2008-09-15";"MAILLET Thierry";"Tichodroma muraria (Linnaeus, 1758)";3780;"Vu";1;;1880;"6.43620687343267";"44.7425218670136"
"Contact vertébrés";"Parc National des Ecrins";"2010-07-26";"TELMON Jean-Philippe";"Tichodroma muraria (Linnaeus, 1758)";3780;"Vu";4;;2300;"6.44049583306989";"44.7008794171391"
"Contact vertébrés";"Parc National des Ecrins";"2009-08-05";"TELMON Jean-Philippe";"Tringa ochropus Linnaeus, 1758";2603;"Vu";1;;2500;"6.45242944198361";"44.6986507975486"
"Contact vertébrés";"Parc National des Ecrins";"2008-01-17";"SEMIOND Patrice";"Troglodytes troglodytes (Linnaeus, 1758)";3967;"Vu";1;;1540;"6.52796407323872";"44.761551204977"
"STOC EPS";"Parc National des Ecrins";"2009-05-29";"Chevalier Robert";"Troglodytes troglodytes (Linnaeus, 1758)";3967;"Entendu";1;"Heure début : 07h05";1840;"6.5212893643203";"44.7410175323082"
"STOC EPS";"Parc National des Ecrins";"2009-05-29";"Chevalier Robert";"Troglodytes troglodytes (Linnaeus, 1758)";3967;"Entendu";1;"Heure début : 06h50";1900;"6.53119699126166";"44.7374793452825"
"STOC EPS";"Parc National des Ecrins";"2009-05-29";"Chevalier Robert";"Troglodytes troglodytes (Linnaeus, 1758)";3967;"Entendu";1;"Heure début : 06h57";1900;"6.52614494917933";"44.7383560940515"
"STOC EPS";"Parc National des Ecrins";"2009-05-29";"Chevalier Robert";"Troglodytes troglodytes (Linnaeus, 1758)";3967;"Entendu";2;"Heure début : 07h30";1960;"6.51042373040439";"44.7395201844961"
"STOC EPS";"Parc National des Ecrins";"2009-05-29";"Chevalier Robert";"Troglodytes troglodytes (Linnaeus, 1758)";3967;"Entendu";1;"Heure début : 07h40";2000;"6.50551719218858";"44.7384539799073"
"STOC EPS";"Parc National des Ecrins";"2009-06-24";"Faure Joël";"Troglodytes troglodytes (Linnaeus, 1758)";3967;"Entendu";1;"Heure début : 06h10";1900;"6.52614494917933";"44.7383560940515"
"STOC EPS";"Parc National des Ecrins";"2009-06-24";"Faure Joël";"Troglodytes troglodytes (Linnaeus, 1758)";3967;"Entendu";2;"Heure début : 08h40";1940;"6.50197253846581";"44.7259694772202"
"STOC EPS";"Parc National des Ecrins";"2009-06-24";"Faure Joël";"Troglodytes troglodytes (Linnaeus, 1758)";3967;"Entendu";1;"Heure début : 06h35";1960;"6.51042373040439";"44.7395201844961"
"STOC EPS";"Parc National des Ecrins";"2010-06-07";"Chevalier Robert";"Troglodytes troglodytes (Linnaeus, 1758)";3967;"Entendu";1;"Heure début : 07h45";1900;"6.51507200316557";"44.740848166782"
"STOC EPS";"Parc National des Ecrins";"2010-06-07";"Chevalier Robert";"Troglodytes troglodytes (Linnaeus, 1758)";3967;"Entendu";1;"Heure début : 09h40";1940;"6.50197253846581";"44.7259694772202"
"STOC EPS";"Parc National des Ecrins";"2010-06-07";"Chevalier Robert";"Troglodytes troglodytes (Linnaeus, 1758)";3967;"Entendu";1;"Heure début : 08h05";1960;"6.51042373040439";"44.7395201844961"
"STOC EPS";"Parc National des Ecrins";"2010-06-21";"Semiond Patrice";"Troglodytes troglodytes (Linnaeus, 1758)";3967;"Entendu";1;"Heure début : 06h15";1900;"6.52614494917933";"44.7383560940515"
"STOC EPS";"Parc National des Ecrins";"2010-06-21";"Semiond Patrice";"Troglodytes troglodytes (Linnaeus, 1758)";3967;"Entendu";2;"Heure début : 06h45";1900;"6.51507200316557";"44.740848166782"
"STOC EPS";"Parc National des Ecrins";"2010-06-21";"Semiond Patrice";"Troglodytes troglodytes (Linnaeus, 1758)";3967;"Entendu";1;"Heure début : 08h45";1940;"6.50197253846581";"44.7259694772202"
"STOC EPS";"Parc National des Ecrins";"2008-06-24";"Chevalier Robert";"Turdus philomelos C. L. Brehm, 1831";4129;"Entendu";1;"Heure début : 07h00";1900;"6.51507200316557";"44.740848166782"
"STOC EPS";"Parc National des Ecrins";"2010-06-07";"Chevalier Robert";"Turdus philomelos C. L. Brehm, 1831";4129;"Entendu";1;"Heure début : 07h00";1900;"6.53119699126166";"44.7374793452825"
"STOC EPS";"Parc National des Ecrins";"2010-06-07";"Chevalier Robert";"Turdus philomelos C. L. Brehm, 1831";4129;"Entendu";1;"Heure début : 07h45";1900;"6.51507200316557";"44.740848166782"
"STOC EPS";"Parc National des Ecrins";"2010-06-07";"Chevalier Robert";"Turdus philomelos C. L. Brehm, 1831";4129;"Entendu";1;"Heure début : 08h05";1960;"6.51042373040439";"44.7395201844961"
"STOC EPS";"Parc National des Ecrins";"2010-06-21";"Semiond Patrice";"Turdus philomelos C. L. Brehm, 1831";4129;"Entendu";2;"Heure début : 06h35";1840;"6.5212893643203";"44.7410175323082"
"STOC EPS";"Parc National des Ecrins";"2010-06-21";"Semiond Patrice";"Turdus philomelos C. L. Brehm, 1831";4129;"Entendu";1;"Heure début : 06h05";1900;"6.53119699126166";"44.7374793452825"
"STOC EPS";"Parc National des Ecrins";"2010-06-21";"Semiond Patrice";"Turdus philomelos C. L. Brehm, 1831";4129;"Entendu";1;"Heure début : 06h15";1900;"6.52614494917933";"44.7383560940515"
"STOC EPS";"Parc National des Ecrins";"2010-06-21";"Semiond Patrice";"Turdus philomelos C. L. Brehm, 1831";4129;"Entendu";1;"Heure début : 06h45";1900;"6.51507200316557";"44.740848166782"
"STOC EPS";"Parc National des Ecrins";"2010-06-21";"Semiond Patrice";"Turdus philomelos C. L. Brehm, 1831";4129;"Entendu";1;"Heure début : 07h00";1960;"6.51042373040439";"44.7395201844961"
"Contact vertébrés";"Parc National des Ecrins";"2008-01-17";"SEMIOND Patrice";"Turdus pilaris Linnaeus, 1758";4127;"Vu";15;;1400;"6.53152312036368";"44.7591100396188"
"STOC EPS";"Parc National des Ecrins";"2008-06-24";"Chevalier Robert";"Turdus torquatus Linnaeus, 1758";4112;"Entendu";1;"Heure début : 07h45";2000;"6.50551719218858";"44.7384539799073"
"STOC EPS";"Parc National des Ecrins";"2009-05-29";"Chevalier Robert";"Turdus torquatus Linnaeus, 1758";4112;"Entendu";1;"Heure début : 06h50";1900;"6.53119699126166";"44.7374793452825"
"STOC EPS";"Parc National des Ecrins";"2009-06-24";"Faure Joël";"Turdus torquatus Linnaeus, 1758";4112;"Entendu";1;"Heure début : 06h52";2020;"6.50512096265321";"44.7316057474943"
"Contact vertébrés";"Parc National des Ecrins";"2010-02-12";"NICOLLET Jean-Pierre";"Turdus torquatus Linnaeus, 1758";4112;"Vu";6;;1300;"6.50417482430336";"44.7466552938764"
"STOC EPS";"Parc National des Ecrins";"2010-06-07";"Chevalier Robert";"Turdus torquatus Linnaeus, 1758";4112;"Entendu";1;"Heure début : 08h30";2000;"6.50551719218858";"44.7384539799073"
"STOC EPS";"Parc National des Ecrins";"2010-06-07";"Chevalier Robert";"Turdus torquatus Linnaeus, 1758";4112;"Entendu";1;"Heure début : 08h50";2020;"6.50512096265321";"44.7316057474943"
"STOC EPS";"Parc National des Ecrins";"2010-06-21";"Semiond Patrice";"Turdus torquatus Linnaeus, 1758";4112;"Entendu";1;"Heure début : 08h10";2020;"6.50512096265321";"44.7316057474943"
"Contact vertébrés";"Parc National des Ecrins";"2008-02-24";"TELMON Jean-Philippe";"Turdus viscivorus Linnaeus, 1758";4142;"Mâle chanteur";1;;1900;"6.51335737894392";"44.7613130219582"
"STOC EPS";"Parc National des Ecrins";"2009-05-29";"Chevalier Robert";"Turdus viscivorus Linnaeus, 1758";4142;"Entendu";2;"Heure début : 07h05";1840;"6.5212893643203";"44.7410175323082"
"STOC EPS";"Parc National des Ecrins";"2009-05-29";"Chevalier Robert";"Turdus viscivorus Linnaeus, 1758";4142;"Entendu";1;"Heure début : 07h15";1900;"6.51507200316557";"44.740848166782"
"STOC EPS";"Parc National des Ecrins";"2009-05-29";"Chevalier Robert";"Turdus viscivorus Linnaeus, 1758";4142;"Entendu";2;"Heure début : 06h57";1900;"6.52614494917933";"44.7383560940515"
"STOC EPS";"Parc National des Ecrins";"2009-05-29";"Chevalier Robert";"Turdus viscivorus Linnaeus, 1758";4142;"Entendu";1;"Heure début : 07h30";1960;"6.51042373040439";"44.7395201844961"
"STOC EPS";"Parc National des Ecrins";"2009-05-29";"Chevalier Robert";"Turdus viscivorus Linnaeus, 1758";4142;"Entendu";2;"Heure début : 07h40";2000;"6.50551719218858";"44.7384539799073"
"STOC EPS";"Parc National des Ecrins";"2009-05-29";"Chevalier Robert";"Turdus viscivorus Linnaeus, 1758";4142;"Entendu";1;"Heure début : 07h50";2020;"6.50512096265321";"44.7316057474943"
"Contact vertébrés";"Parc National des Ecrins";"2010-02-22";"TELMON Jean-Philippe";"Turdus viscivorus Linnaeus, 1758";4142;"Mâle chanteur";1;;1860;"6.43966644263523";"44.7329995259173"
"STOC EPS";"Parc National des Ecrins";"2010-06-07";"Chevalier Robert";"Turdus viscivorus Linnaeus, 1758";4142;"Entendu";1;"Heure début : 08h30";2000;"6.50551719218858";"44.7384539799073"
"STOC EPS";"Parc National des Ecrins";"2010-06-21";"Semiond Patrice";"Turdus viscivorus Linnaeus, 1758";4142;"Entendu";1;"Heure début : 06h15";1900;"6.52614494917933";"44.7383560940515"
"STOC EPS";"Parc National des Ecrins";"2010-06-21";"Semiond Patrice";"Turdus viscivorus Linnaeus, 1758";4142;"Entendu";1;"Heure début : 07h10";2000;"6.50551719218858";"44.7384539799073"
"Contact invertébrés";"Parc National des Ecrins";"2009-05-13";"NICOLAS Marie-Geneviève";"Vanessa cardui (Linnaeus, 1758)";53747;"adulte observé de corps";10;;1300;"6.54257506542793";"44.7562930114934"
"Contact invertébrés";"Parc National des Ecrins";"2009-05-14";"NICOLAS Marie-Geneviève";"Vanessa cardui (Linnaeus, 1758)";53747;"adulte observé de corps";3;;1100;"6.57052691252459";"44.7371094568579"
"Contact invertébrés";"Parc National des Ecrins";"2009-05-14";"NICOLAS Marie-Geneviève";"Vanessa cardui (Linnaeus, 1758)";53747;"adulte observé de corps";3;;1100;"6.57052691252459";"44.7371094568579"
"Contact vertébrés";"Parc National des Ecrins";"2009-04-30";"TELMON Jean-Philippe";"Vipera aspis (Linnaeus, 1758)";78130;"Vu";1;;1380;"6.47992904915217";"44.7412919213317"
"Contact vertébrés";"Parc National des Ecrins";"2009-05-06";"TELMON Jean-Philippe";"Vipera aspis (Linnaeus, 1758)";78130;"Vu";1;;1900;"6.44641791205501";"44.7414930678239"
"Contact vertébrés";"Parc National des Ecrins";"2009-09-22";"TELMON Jean-Philippe";"Vipera aspis (Linnaeus, 1758)";78130;"Vu";1;;1900;"6.44017664590212";"44.7313413795042"
"Contact vertébrés";"Parc National des Ecrins";"2008-01-17";"SEMIOND Patrice";"Vulpes vulpes (Linnaeus, 1758)";60585;"Traces ou indices de présence";1;;1720;"6.5229462801373";"44.7661282528529"
"Contact vertébrés";"Parc National des Ecrins";"2008-02-19";"TELMON Jean-Philippe";"Vulpes vulpes (Linnaeus, 1758)";60585;"Vu";1;;2560;"6.39034494174341";"44.7484152310731"
"Contact vertébrés";"Parc National des Ecrins";"2008-09-04";"CHEVALIER Robert";"Vulpes vulpes (Linnaeus, 1758)";60585;"Vu";1;;1800;"6.4349075413787";"44.7382381677854"
"Contact vertébrés";"Parc National des Ecrins";"2008-11-20";"CHEVALIER Robert";"Vulpes vulpes (Linnaeus, 1758)";60585;"Vu";1;;2460;"6.41589949549935";"44.7496338327686"
"Contact vertébrés";"Parc National des Ecrins";"2009-04-06";"TELMON Jean-Philippe";"Vulpes vulpes (Linnaeus, 1758)";60585;"Vu";1;;2020;"6.41220656668714";"44.7431779267373"
