id_organisme;id_protocole;dateobs;observateurs;determinateur;taxon_saisi;cd_nom;X;Y;Cle;SRID;id_precision;altitude_retenue;id_critere_synthese;effectif_total;remarques;id_lot;id_source;id_data
2;146;3/7/2017;1204;1204;Hada plebeja (Linnaeus, 1761);249493;939851.55116935;6432668.3590426;;2154;1;2615;103;27;Piège à Cloche Moustiquaire - Dmerc 125W - Examen Macroscopique;54;13;3167
2;146;3/7/2017;1204;1204;Apamea furva (Denis & Schiffermüller, 1775);249393;939851.55116935;6432668.3590426;;2154;1;2615;103;4;Piège à Cloche Moustiquaire - Dmerc 125W - Examen Macroscopique;54;13;3168
;146;3/7/2017;1204;1204;Anarta odontites (Boisduval, 1828);778119;939851.55116935;6432668.3590426;;2154;1;2615;103;6;Piège à Cloche Moustiquaire - Dmerc 125W - Examen Macroscopique;54;13;3169
2;146;3/7/2017;1204;1204;Elophos unicoloraria (Staudinger, 1871);248947;939851.55116935;6432668.3590426;;2154;1;2615;103;16;Piège à Cloche Moustiquaire - Dmerc 125W - Genitalia;54;13;3170
27;146;3/7/2017;toto lafouine;1204;Hadena compta (Denis & Schiffermüller, 1775);249478;1939851.5511694;6432668.3590426;;2154;1;2615;103;1;Piège à Cloche Moustiquaire - Dmerc 125W - Examen Macroscopique;54;13;3171
2;146;3/7/2017;1204;1204;Apamea lateritia (Hufnagel, 1766);249392;939851.55116935;6432668.3590426;;2154;1;2615;103;1;Piège à Cloche Moustiquaire - Dmerc 125W - Examen Macroscopique;54;13;3172
2;146;3/7/2017;1204;1204;Noctua pronuba (Linnaeus, 1758);249246;939851.55116935;6432668.3590426;;2154;1;2615;103;19;Piège à Cloche Moustiquaire - Dmerc 125W - Examen Macroscopique;54;13;3173
2;146;3/7/2017;1204;1204;Arctia flavia (Fuessly, 1779);249054;939851.55116935;6432668.3590426;;2154;1;2615;103;21;Piège à Cloche Moustiquaire - Dmerc 125W - Examen Macroscopique;54;13;3174
2;146;3/7/2017;jonhy bigood;1204;Mythimna conigera (Denis & Schiffermüller, 1775);249546;939851.55116935;6432668.3590426;;2154;1;2615;103;4;Piège à Cloche Moustiquaire - Dmerc 125W - Examen Macroscopique;54;13;3175
2;146;3/7/2017;1204;1204;Apamea crenata (Hufnagel, 1766);249389;939851.55116935;6432668.3590426;;2154;1;2615;103;1;Piège à Cloche Moustiquaire - Dmerc 125W - Examen Macroscopique;54;13;3176
2;146;3/7/2017;1204;1204;Apamea monoglypha (Hufnagel, 1766);249385;939851.55116935;6432668.3590426;;2154;1;2615;103;6;Piège à Cloche Moustiquaire - Dmerc 125W - Examen Macroscopique;54;13;3177
2;146;3/7/2017;1204;1204;Standfussiana lucernea (Linnaeus, 1758);249238;939851.55116935;6432668.3590426;;2154;1;2615;103;6;Piège à Cloche Moustiquaire - Dmerc 125W - Genitalia;54;13;3178
2;146;3/7/2017;1204;1204;Mythimna anderreggii (Boisduval, 1840);778098;939851.55116935;6432668.3590426;;2154;1;2615;103;11;Piège à Cloche Moustiquaire - Dmerc 125W - Examen Macroscopique;54;13;3179
2;146;3/7/2017;1204;1204;Apamea lithoxylaea (Denis & Schiffermüller, 1775);249387;939851.55116935;6432668.3590426;;2154;1;2615;103;1;Piège à Cloche Moustiquaire - Dmerc 125W - Examen Macroscopique;54;13;3180
2;146;3/7/2017;1204;1204;Gnophos obfuscata (Denis & Schiffermüller, 1775);248967;939851.55116935;6432668.3590426;;2154;1;2615;103;1;Piège à Cloche Moustiquaire - Dmerc 125W - Examen Macroscopique;54;13;3181
2;146;3/7/2017;1204;1204;Agrotis simplonia (Geyer, 1832);249208;939851.55116935;6432668.3590426;;2154;1;2615;103;14;Piège à Cloche Moustiquaire - Dmerc 125W - Examen Macroscopique;54;13;3182
2;146;3/7/2017;1204;1204;Noctua fimbriata (Schreber, 1759);249250;939851.55116935;6432668.3590426;;2154;1;2615;103;4;Piège à Cloche Moustiquaire - Dmerc 125W - Examen Macroscopique;54;13;3183
2;146;3/7/2017;1204;1204;Epirrhoe galiata (Denis & Schiffermüller, 1775);248775;939851.55116935;6432668.3590426;;2154;1;2615;103;1;Piège à Cloche Moustiquaire - Dmerc 125W - Examen Macroscopique;54;13;3184
2;146;3/7/2017;1204;1204;Hadena tephroleuca (Boisduval, 1833);249492;939851.55116935;6432668.3590426;;2154;1;2615;103;1;Piège à Cloche Moustiquaire - Dmerc 125W - Examen Macroscopique;54;13;3185
2;146;3/7/2017;1204;1204;Anaplectoides prasina (Denis & Schiffermüller, 1775);249289;939851.55116935;6432668.3590426;;2154;1;2615;103;2;Piège à Cloche Moustiquaire - Dmerc 125W - Examen Macroscopique;54;13;3186
2;146;3/7/2017;1204;1204;Gynaephora fascelina (Linnaeus, 1758);784184;939851.55116935;6432668.3590426;;2154;1;2615;103;1;Piège à Cloche Moustiquaire - Dmerc 125W - Examen Macroscopique;54;13;3187
2;146;3/7/2017;1204;1204;Cucullia umbratica (Linnaeus, 1758);249707;939851.55116935;6432668.3590426;;2154;1;2615;103;2;Piège à Cloche Moustiquaire - Dmerc 125W - Examen Macroscopique;54;13;3188
2;146;3/7/2017;1204;1204;Apamea maillardi (Geyer, 1834);249394;939851.55116935;6432668.3590426;;2154;1;2615;103;4;Piège à Cloche Moustiquaire - Dmerc 125W - Genitalia;54;13;3189
2;146;3/7/2017;1204;1204;Perizoma incultaria (Herrich-Schäffer, 1848);248741;939851.55116935;6432668.3590426;;2154;1;2615;103;1;Piège à Cloche Moustiquaire - Dmerc 125W - Examen Macroscopique;54;13;3190
2;146;3/7/2017;1204;1204;Hydriomena ruberata (Freyer, 1831);248690;939851.55116935;6432668.3590426;;2154;1;2615;103;1;Piège à Cloche Moustiquaire - Dmerc 125W - Examen Macroscopique;54;13;3191
2;146;3/7/2017;1204;1204;Epipsilia grisescens (Fabricius, 1794);345591;939851.55116935;6432668.3590426;;2154;1;2615;103;4;Piège à Cloche Moustiquaire - Dmerc 125W - Genitalia;54;13;3192
2;146;3/7/2017;1204;1204;Standfussiana wiskotti (Standfuss, 1888);249234;939851.55116935;6432668.3590426;;2154;1;2615;103;4;Piège à Cloche Moustiquaire - Dmerc 125W - Genitalia;54;13;3193
2;146;3/7/2017;1204;1204;Alcis repandata (Linnaeus, 1758);248880;939851.55116935;6432668.3590426;;2154;1;2615;103;1;Piège à Cloche Moustiquaire - Dmerc 125W - Examen Macroscopique;54;13;3194
2;146;3/7/2017;1204;1204;Diarsia mendica (Fabricius, 1775);249265;939851.55116935;6432668.3590426;;2154;1;2615;103;1;Piège à Cloche Moustiquaire - Dmerc 125W - Examen Macroscopique;54;13;3195
2;146;3/7/2017;1204;1204;Mniotype adusta (Esper, 1790);249598;939851.55116935;6432668.3590426;;2154;1;2615;103;1;Piège à Cloche Moustiquaire - Dmerc 125W - Examen Macroscopique;54;13;3196
2;146;3/7/2017;1204;1204;Charissa glaucinaria (Hübner, 1799);458686;939851.55116935;6432668.3590426;;2154;1;2615;103;3;Piège à Cloche Moustiquaire - Dmerc 125W - Examen Macroscopique;54;13;3197
2;146;3/7/2017;1204;1204;Agrotis ipsilon (Hufnagel, 1766);249200;939851.55116935;6432668.3590426;;2154;1;2615;103;1;Piège à Cloche Moustiquaire - Dmerc 125W - Examen Macroscopique;54;13;3198
2;146;3/7/2017;1204;1204;Triphosa dubitata (Linnaeus, 1758);248745;939851.55116935;6432668.3590426;;2154;1;2615;103;1;Piège à Cloche Moustiquaire - Dmerc 125W - Examen Macroscopique;54;13;3199
2;146;3/7/2017;1204;1204;Polia nebulosa (Hufnagel, 1766);249450;939851.55116935;6432668.3590426;;2154;1;2615;103;1;Piège à Cloche Moustiquaire - Dmerc 125W - Examen Macroscopique;54;13;3200
2;146;3/7/2017;1204;1204;Eupithecia cretaceata (Packard, 1874);248660;939851.55116935;6432668.3590426;;2154;1;2615;103;1;Piège à Cloche Moustiquaire - Dmerc 125W - Examen Macroscopique;54;13;3201
2;146;4/7/2017;1204;1204;Leucania comma (Linnaeus, 1761);249563;940746.99769533;6434167.9465494;;2154;1;1942;103;1;Piège à Cloche Moustiquaire - Dmerc 125W - Examen Macroscopique;54;13;3202
2;146;4/7/2017;1204;1204;Aplocera praeformata (Hübner, 1826);248537;940746.99769533;6434167.9465494;;2154;1;1942;103;1;Piège à Cloche Moustiquaire - Dmerc 125W - Examen Macroscopique;54;13;3203
2;146;4/7/2017;1204;1204;Cosmorhoe ocellata (Linnaeus, 1758);248584;940746.99769533;6434167.9465494;;2154;1;1942;103;1;Piège à Cloche Moustiquaire - Dmerc 125W - Examen Macroscopique;54;13;3204
2;146;4/7/2017;1204;1204;Deilephila porcellus (Linnaeus, 1758);54856;940746.99769533;6434167.9465494;;2154;1;1942;103;1;Piège à Cloche Moustiquaire - Dmerc 125W - Examen Macroscopique;54;13;3205
2;146;4/7/2017;1204;1204;Xanthorhoe montanata (Denis & Schiffermüller, 1775);248791;940746.99769533;6434167.9465494;;2154;1;1942;103;1;Piège à Cloche Moustiquaire - Dmerc 125W - Examen Macroscopique;54;13;3206
2;146;4/7/2017;1204;1204;Thera cognata (Thunberg & Sebaldt, 1792);248558;940746.99769533;6434167.9465494;;2154;1;1942;103;1;Piège à Cloche Moustiquaire - Dmerc 125W - Examen Macroscopique;54;13;3207
2;146;4/7/2017;1204;1204;Alcis repandata (Linnaeus, 1758);248880;940746.99769533;6434167.9465494;;2154;1;1942;103;1;Piège à Cloche Moustiquaire - Dmerc 125W - Examen Macroscopique;54;13;3208
2;146;4/7/2017;1204;1204;Diarsia mendica (Fabricius, 1775);249265;940746.99769533;6434167.9465494;;2154;1;1942;103;1;Piège à Cloche Moustiquaire - Dmerc 125W - Examen Macroscopique;54;13;3209
2;146;4/7/2017;1204;1204;Hada plebeja (Linnaeus, 1761);249493;940746.99769533;6434167.9465494;;2154;1;1942;103;1;Piège à Cloche Moustiquaire - Dmerc 125W - Examen Macroscopique;54;13;3210
2;146;4/7/2017;1204;1204;Scopula ternata (Schrank, 1802);248510;940746.99769533;6434167.9465494;;2154;1;1942;103;1;Piège à Cloche Moustiquaire - Dmerc 125W - Examen Macroscopique;54;13;3211
2;146;4/7/2017;1204;1204;Apamea maillardi (Geyer, 1834);249394;940746.99769533;6434167.9465494;;2154;1;1942;103;1;Piège à Cloche Moustiquaire - Dmerc 125W - Genitalia;54;13;3212
2;146;4/7/2017;1204;1204;Perizoma obsoletata (Herrich-Schäffer, 1838);248740;940746.99769533;6434167.9465494;;2154;1;1942;103;1;Piège à Cloche Moustiquaire - Dmerc 125W - Examen Macroscopique;54;13;3213
2;146;4/7/2017;1204;1204;Siona lineata (Scopoli, 1763);248939;940746.99769533;6434167.9465494;;2154;1;1942;103;1;Piège à Cloche Moustiquaire - Dmerc 125W - Examen Macroscopique;54;13;3214
2;146;4/7/2017;1204;1204;Eupithecia veratraria Herrich-Schäffer, 1848;248659;940746.99769533;6434167.9465494;;2154;1;1942;103;1;Piège à Cloche Moustiquaire - Dmerc 125W - Examen Macroscopique;54;13;3215
2;146;4/7/2017;1204;1204;Macaria brunneata (Thunberg, 1784);249004;940746.99769533;6434167.9465494;;2154;1;1942;103;1;Piège à Cloche Moustiquaire - Dmerc 125W - Examen Macroscopique;54;13;3216
2;146;4/7/2017;1204;1204;Athetis pallustris (Hübner, 1808);249540;940746.99769533;6434167.9465494;;2154;1;1942;103;1;Piège à Cloche Moustiquaire - Dmerc 125W - Examen Macroscopique;54;13;3217
2;146;4/7/2017;1204;1204;Setina irrorella (Linnaeus, 1758);249088;940746.99769533;6434167.9465494;;2154;1;1942;103;1;Piège à Cloche Moustiquaire - Dmerc 125W - Examen Macroscopique;54;13;3218
2;146;4/7/2017;1204;1204;Cabera exanthemata (Scopoli, 1763);248913;940746.99769533;6434167.9465494;;2154;1;1942;103;1;Piège à Cloche Moustiquaire - Dmerc 125W - Examen Macroscopique;54;13;3219
2;146;4/7/2017;1204;1204;Polia bombycina (Hufnagel, 1766);249448;940746.99769533;6434167.9465494;;2154;1;1942;103;1;Piège à Cloche Moustiquaire - Dmerc 125W - Examen Macroscopique;54;13;3220
2;146;4/7/2017;1204;1204;Autographa bractea (Denis & Schiffermüller, 1775);249154;940746.99769533;6434167.9465494;;2154;1;1942;103;1;Piège à Cloche Moustiquaire - Dmerc 125W - Examen Macroscopique;54;13;3221
2;146;4/7/2017;1204;1204;Notodonta dromedarius (Linnaeus, 1767);54578;940746.99769533;6434167.9465494;;2154;1;1942;103;1;Piège à Cloche Moustiquaire - Dmerc 125W - Examen Macroscopique;54;13;3222
2;146;4/7/2017;1204;1204;Agrotis simplonia (Geyer, 1832);249208;940746.99769533;6434167.9465494;;2154;1;1942;103;1;Piège à Cloche Moustiquaire - Dmerc 125W - Examen Macroscopique;54;13;3223
2;146;4/7/2017;1204;1204;Perizoma alchemillata (Linnaeus, 1758);248732;940746.99769533;6434167.9465494;;2154;1;1942;103;1;Piège à Cloche Moustiquaire - Dmerc 125W - Examen Macroscopique;54;13;3224
2;146;4/7/2017;1204;1204;Gnophos obfuscata (Denis & Schiffermüller, 1775);248967;940746.99769533;6434167.9465494;;2154;1;1942;103;1;Piège à Cloche Moustiquaire - Dmerc 125W - Examen Macroscopique;54;13;3225
2;146;4/7/2017;1204;1204;Diacrisia sannio (Linnaeus, 1758);249061;940746.99769533;6434167.9465494;;2154;1;1942;103;1;Piège à Cloche Moustiquaire - Dmerc 125W - Examen Macroscopique;54;13;3226
2;146;4/7/2017;1204;1204;Eupithecia icterata (Villers, 1789);248679;940746.99769533;6434167.9465494;;2154;1;1942;103;1;Piège à Cloche Moustiquaire - Dmerc 125W - Examen Macroscopique;54;13;3227
2;146;4/7/2017;1204;1204;Opisthograptis luteolata (Linnaeus, 1758);248938;940746.99769533;6434167.9465494;;2154;1;1942;103;1;Piège à Cloche Moustiquaire - Dmerc 125W - Examen Macroscopique;54;13;3228
2;146;4/7/2017;1204;1204;Scopula immorata (Linnaeus, 1758);248491;940746.99769533;6434167.9465494;;2154;1;1942;103;1;Piège à Cloche Moustiquaire - Dmerc 125W - Examen Macroscopique;54;13;3229
2;146;4/7/2017;1204;1204;Epirrhoe galiata (Denis & Schiffermüller, 1775);248775;940746.99769533;6434167.9465494;;2154;1;1942;103;1;Piège à Cloche Moustiquaire - Dmerc 125W - Examen Macroscopique;54;13;3230
2;146;4/7/2017;1204;1204;Colostygia olivata (Denis & Schiffermüller, 1775);248545;940746.99769533;6434167.9465494;;2154;1;1942;103;1;Piège à Cloche Moustiquaire - Dmerc 125W - Examen Macroscopique;54;13;3231
2;146;4/7/2017;1204;1204;Euphyia frustata (Treitschke, 1828);248589;940746.99769533;6434167.9465494;;2154;1;1942;103;1;Piège à Cloche Moustiquaire - Dmerc 125W - Examen Macroscopique;54;13;3232
2;146;4/7/2017;1204;1204;Drepana falcataria (Linnaeus, 1758);248387;940746.99769533;6434167.9465494;;2154;1;1942;103;1;Piège à Cloche Moustiquaire - Dmerc 125W - Examen Macroscopique;54;13;3233
2;146;4/7/2017;1204;1204;Catarhoe cuculata (Hufnagel, 1767);248781;940746.99769533;6434167.9465494;;2154;1;1942;103;1;Piège à Cloche Moustiquaire - Dmerc 125W - Examen Macroscopique;54;13;3234
2;146;4/7/2017;1204;1204;Mesoligia furuncula (Denis & Schiffermüller, 1775);249342;940746.99769533;6434167.9465494;;2154;1;1942;103;1;Piège à Cloche Moustiquaire - Dmerc 125W - Examen Macroscopique;54;13;3235
2;146;4/7/2017;1204;1204;Xanthorhoe fluctuata (Linnaeus, 1758);248784;940746.99769533;6434167.9465494;;2154;1;1942;103;1;Piège à Cloche Moustiquaire - Dmerc 125W - Examen Macroscopique;54;13;3236
2;146;4/7/2017;1204;1204;Lacanobia contigua (Denis & Schiffermüller, 1775);249461;940746.99769533;6434167.9465494;;2154;1;1942;103;1;Piège à Cloche Moustiquaire - Dmerc 125W - Examen Macroscopique;54;13;3237
2;146;4/7/2017;1204;1204;Hydriomena ruberata (Freyer, 1831);248690;940746.99769533;6434167.9465494;;2154;1;1942;103;1;Piège à Cloche Moustiquaire - Dmerc 125W - Examen Macroscopique;54;13;3238
2;146;4/7/2017;1204;1204;Xestia ashworthii (Doubleday, 1855);249222;940746.99769533;6434167.9465494;;2154;1;1942;103;1;Piège à Cloche Moustiquaire - Dmerc 125W - Examen Macroscopique;54;13;3239
2;146;4/7/2017;1204;1204;Ceramica pisi (Linnaeus, 1758);249499;940746.99769533;6434167.9465494;;2154;1;1942;103;1;Piège à Cloche Moustiquaire - Dmerc 125W - Examen Macroscopique;54;13;3240
2;146;4/7/2017;1204;1204;Perizoma albulata (Denis & Schiffermüller, 1775);248738;940746.99769533;6434167.9465494;;2154;1;1942;103;1;Piège à Cloche Moustiquaire - Dmerc 125W - Examen Macroscopique;54;13;3241
2;146;4/7/2017;1204;1204;Dysstroma truncata (Hufnagel, 1767);248567;940746.99769533;6434167.9465494;;2154;1;1942;103;1;Piège à Cloche Moustiquaire - Dmerc 125W - Examen Macroscopique;54;13;3242
2;146;4/7/2017;1204;1204;Eilema lurideola (Zincken, 1817);249095;940746.99769533;6434167.9465494;;2154;1;1942;103;1;Piège à Cloche Moustiquaire - Dmerc 125W - Examen Macroscopique;54;13;3243
2;146;4/7/2017;1204;1204;Epirrhoe molluginata (Hübner, 1813);248774;940746.99769533;6434167.9465494;;2154;1;1942;103;1;Piège à Cloche Moustiquaire - Dmerc 125W - Examen Macroscopique;54;13;3244
2;146;4/7/2017;1204;1204;Eupithecia cretaceata (Packard, 1874);248660;940746.99769533;6434167.9465494;;2154;1;1942;103;1;Piège à Cloche Moustiquaire - Dmerc 125W - Examen Macroscopique;54;13;3245
2;146;4/7/2017;1204;1204;Hadena confusa (Hufnagel, 1766);249479;940746.99769533;6434167.9465494;;2154;1;1942;103;1;Piège à Cloche Moustiquaire - Dmerc 125W - Examen Macroscopique;54;13;3246
2;146;4/7/2017;1204;1204;Mythimna conigera (Denis & Schiffermüller, 1775);249546;940746.99769533;6434167.9465494;;2154;1;1942;103;1;Piège à Cloche Moustiquaire - Dmerc 125W - Examen Macroscopique;54;13;3247
2;146;4/7/2017;1204;1204;Pheosia gnoma (Fabricius, 1776);54617;940746.99769533;6434167.9465494;;2154;1;1942;103;1;Piège à Cloche Moustiquaire - Dmerc 125W - Examen Macroscopique;54;13;3248
2;146;4/7/2017;1204;1204;Selenia dentaria (Fabricius, 1775);248924;940746.99769533;6434167.9465494;;2154;1;1942;103;1;Piège à Cloche Moustiquaire - Dmerc 125W - Examen Macroscopique;54;13;3249
2;146;4/7/2017;1204;1204;Caradrina gilva (Donzel, 1837);781877;940746.99769533;6434167.9465494;;2154;1;1942;103;1;Piège à Cloche Moustiquaire - Dmerc 125W - Examen Macroscopique;54;13;3250
2;146;4/7/2017;1204;1204;Rusina ferruginea (Esper, 1785);249507;940746.99769533;6434167.9465494;;2154;1;1942;103;1;Piège à Cloche Moustiquaire - Dmerc 125W - Examen Macroscopique;54;13;3251
2;146;4/7/2017;1204;1204;Hadena tephroleuca (Boisduval, 1833);249492;940746.99769533;6434167.9465494;;2154;1;1942;103;1;Piège à Cloche Moustiquaire - Dmerc 125W - Examen Macroscopique;54;13;3252
2;146;4/7/2017;1204;1204;Mniotype adusta (Esper, 1790);249598;940746.99769533;6434167.9465494;;2154;1;1942;103;1;Piège à Cloche Moustiquaire - Dmerc 125W - Genitalia;54;13;3253
2;146;4/7/2017;1204;1204;Mythimna anderreggii (Boisduval, 1840);778098;940746.99769533;6434167.9465494;;2154;1;1942;103;1;Piège à Cloche Moustiquaire - Dmerc 125W - Examen Macroscopique;54;13;3254
2;146;4/7/2017;1204;1204;Gnophos furvata (Denis & Schiffermüller, 1775);248966;940746.99769533;6434167.9465494;;2154;1;1942;103;1;Piège à Cloche Moustiquaire - Dmerc 125W - Examen Macroscopique;54;13;3255
2;146;26/7/2017;1204;1204;Epipsilia grisescens (Fabricius, 1794);345591;942463.10179503;6432731.8973765;;2154;1;2763;103;1;Piège à Cloche Moustiquaire - LepiLed - Examen Macroscopique;54;13;3256
2;146;26/7/2017;1204;1204;Elophos unicoloraria (Staudinger, 1871);248947;942463.10179503;6432731.8973765;;2154;1;2763;103;1;Piège à Cloche Moustiquaire - LepiLed - Examen Macroscopique;54;13;3257
2;146;27/7/2017;1204;1204;Perizoma blandiata (Denis & Schiffermüller, 1775);248737;941565.87458605;6432152.3675734;;2154;1;1983;103;1;Piège à Cloche Moustiquaire - LepiLed - Examen Macroscopique;54;13;3258
2;146;27/7/2017;1204;1204;Entephria caesiata (Denis & Schiffermüller, 1775);248704;941565.87458605;6432152.3675734;;2154;1;1983;103;1;Piège à Cloche Moustiquaire - LepiLed - Examen Macroscopique;54;13;3259
2;146;27/7/2017;1204;1204;Charissa glaucinaria (Hübner, 1799);458686;941565.87458605;6432152.3675734;;2154;1;1983;103;1;Piège à Cloche Moustiquaire - LepiLed - Examen Macroscopique;54;13;3260
2;146;27/7/2017;1204;1204;Xestia ochreago (Hübner, 1809);249226;941565.87458605;6432152.3675734;;2154;1;1983;103;1;Piège à Cloche Moustiquaire - LepiLed - Examen Macroscopique;54;13;3261
2;146;27/7/2017;1204;1204;Cosmorhoe ocellata (Linnaeus, 1758);248584;941565.87458605;6432152.3675734;;2154;1;1983;103;1;Piège à Cloche Moustiquaire - LepiLed - Examen Macroscopique;54;13;3262
2;146;27/7/2017;1204;1204;Euphyia frustata (Treitschke, 1828);248589;941565.87458605;6432152.3675734;;2154;1;1983;103;1;Piège à Cloche Moustiquaire - LepiLed - Examen Macroscopique;54;13;3263
2;146;27/7/2017;1204;1204;Setina irrorella (Linnaeus, 1758);249088;941565.87458605;6432152.3675734;;2154;1;1983;103;1;Piège à Cloche Moustiquaire - LepiLed - Examen Macroscopique;54;13;3264
2;146;27/7/2017;1204;1204;Eilema lurideola (Zincken, 1817);249095;941565.87458605;6432152.3675734;;2154;1;1983;103;1;Piège à Cloche Moustiquaire - LepiLed - Examen Macroscopique;54;13;3265
2;146;27/7/2017;1204;1204;Epirrhoe galiata (Denis & Schiffermüller, 1775);248775;941565.87458605;6432152.3675734;;2154;1;1983;103;1;Piège à Cloche Moustiquaire - LepiLed - Examen Macroscopique;54;13;3266
2;146;27/7/2017;1204;1204;Lasiocampa quercus (Linnaeus, 1758);54770;941565.87458605;6432152.3675734;;2154;1;1983;103;1;Piège à Cloche Moustiquaire - LepiLed - Examen Macroscopique;54;13;3267
2;146;27/7/2017;1204;1204;Thera cognata (Thunberg & Sebaldt, 1792);248558;941565.87458605;6432152.3675734;;2154;1;1983;103;1;Piège à Cloche Moustiquaire - LepiLed - Examen Macroscopique;54;13;3268
2;146;27/7/2017;1204;1204;Coscinia cribraria (Linnaeus, 1758);445269;941565.87458605;6432152.3675734;;2154;1;1983;103;1;Piège à Cloche Moustiquaire - LepiLed - Examen Macroscopique;54;13;3269
2;146;27/7/2017;1204;1204;Apamea maillardi (Geyer, 1834);249394;941565.87458605;6432152.3675734;;2154;1;1983;103;1;Piège à Cloche Moustiquaire - LepiLed - Examen Macroscopique;54;13;3270
2;146;27/7/2017;1204;1204;Lemonia taraxaci (Denis & Schiffermüller, 1775);54703;941565.87458605;6432152.3675734;;2154;1;1983;103;1;Piège à Cloche Moustiquaire - LepiLed - Examen Macroscopique;54;13;3271
2;146;27/7/2017;1204;1204;Aplocera praeformata (Hübner, 1826);248537;941565.87458605;6432152.3675734;;2154;1;1983;103;1;Piège à Cloche Moustiquaire - LepiLed - Examen Macroscopique;54;13;3272
2;146;27/7/2017;1204;1204;Syngrapha interrogationis (Linnaeus, 1758);249133;941565.87458605;6432152.3675734;;2154;1;1983;103;1;Piège à Cloche Moustiquaire - LepiLed - Examen Macroscopique;54;13;3273
2;146;27/7/2017;1204;1204;Colostygia olivata (Denis & Schiffermüller, 1775);248545;941565.87458605;6432152.3675734;;2154;1;1983;103;1;Piège à Cloche Moustiquaire - LepiLed - Examen Macroscopique;54;13;3274
2;146;27/7/2017;1204;1204;Sideridis rivularis (Fabricius, 1775);249445;941565.87458605;6432152.3675734;;2154;1;1983;103;1;Piège à Cloche Moustiquaire - LepiLed - Examen Macroscopique;54;13;3275
2;146;27/7/2017;1204;1204;Udea alpinalis (Denis & Schiffermüller, 1775);248184;941565.87458605;6432152.3675734;;2154;1;1983;103;1;Piège à Cloche Moustiquaire - LepiLed - Examen Macroscopique;54;13;3276
2;146;27/7/2017;1204;1204;Standfussiana lucernea (Linnaeus, 1758);249238;941565.87458605;6432152.3675734;;2154;1;1983;103;1;Piège à Cloche Moustiquaire - LepiLed - Examen Macroscopique;54;13;3277
2;146;27/7/2017;1204;1204;Autographa bractea (Denis & Schiffermüller, 1775);249154;941565.87458605;6432152.3675734;;2154;1;1983;103;1;Piège à Cloche Moustiquaire - LepiLed - Examen Macroscopique;54;13;3278
2;146;27/7/2017;1204;1204;Apamea crenata (Hufnagel, 1766);249389;941565.87458605;6432152.3675734;;2154;1;1983;103;1;Piège à Cloche Moustiquaire - LepiLed - Examen Macroscopique;54;13;3279
2;146;27/7/2017;1204;1204;Eulithis populata (Linnaeus, 1758);248576;941565.87458605;6432152.3675734;;2154;1;1983;103;1;Piège à Cloche Moustiquaire - LepiLed - Examen Macroscopique;54;13;3280
2;146;27/7/2017;1204;1204;Apamea monoglypha (Hufnagel, 1766);249385;941565.87458605;6432152.3675734;;2154;1;1983;103;1;Piège à Cloche Moustiquaire - LepiLed - Examen Macroscopique;54;13;3281
2;146;27/7/2017;1204;1204;Gynaephora fascelina (Linnaeus, 1758);784184;941565.87458605;6432152.3675734;;2154;1;1983;103;1;Piège à Cloche Moustiquaire - LepiLed - Examen Macroscopique;54;13;3282
2;146;27/7/2017;1204;1204;Euxoa decora (Denis & Schiffermüller, 1775);249169;941565.87458605;6432152.3675734;;2154;1;1983;103;1;Piège à Cloche Moustiquaire - LepiLed - Examen Macroscopique;54;13;3283
2;146;27/7/2017;1204;1204;Dichagyris musiva (Hübner, 1803);521549;941565.87458605;6432152.3675734;;2154;1;1983;103;1;Piège à Cloche Moustiquaire - LepiLed - Examen Macroscopique;54;13;3284
2;146;27/7/2017;1204;1204;Xanthorhoe montanata (Denis & Schiffermüller, 1775);248791;941565.87458605;6432152.3675734;;2154;1;1983;103;1;Piège à Cloche Moustiquaire - LepiLed - Examen Macroscopique;54;13;3285
2;146;27/7/2017;1204;1204;Gnophos furvata (Denis & Schiffermüller, 1775);248966;941565.87458605;6432152.3675734;;2154;1;1983;103;1;Piège à Cloche Moustiquaire - LepiLed - Examen Macroscopique;54;13;3286
2;146;27/7/2017;1204;1204;Alcis repandata (Linnaeus, 1758);248880;941565.87458605;6432152.3675734;;2154;1;1983;103;1;Piège à Cloche Moustiquaire - LepiLed - Examen Macroscopique;54;13;3287
2;146;27/7/2017;1204;1204;Scotopteryx bipunctaria (Denis & Schiffermüller, 1775);248801;941565.87458605;6432152.3675734;;2154;1;1983;103;1;Piège à Cloche Moustiquaire - LepiLed - Examen Macroscopique;54;13;3288
2;146;27/7/2017;1204;1204;Chersotis oreina Dufay, 1984;249276;941565.87458605;6432152.3675734;;2154;1;1983;103;1;Piège à Cloche Moustiquaire - LepiLed - Examen Macroscopique;54;13;3289
2;146;27/7/2017;1204;1204;Noctua fimbriata (Schreber, 1759);249250;941565.87458605;6432152.3675734;;2154;1;1983;103;1;Piège à Cloche Moustiquaire - LepiLed - Examen Macroscopique;54;13;3290
2;146;27/7/2017;1204;1204;Eupithecia icterata (Villers, 1789);248679;941565.87458605;6432152.3675734;;2154;1;1983;103;1;Piège à Cloche Moustiquaire - LepiLed - Examen Macroscopique;54;13;3291
2;146;27/7/2017;1204;1204;Apamea zeta (Treitschke, 1825);249395;941565.87458605;6432152.3675734;;2154;1;1983;103;1;Piège à Cloche Moustiquaire - LepiLed - Examen Macroscopique;54;13;3292
2;146;27/7/2017;1204;1204;Apamea furva (Denis & Schiffermüller, 1775);249393;941565.87458605;6432152.3675734;;2154;1;1983;103;1;Piège à Cloche Moustiquaire - LepiLed - Examen Macroscopique;54;13;3293
2;146;27/7/2017;1204;1204;Autographa jota (Linnaeus, 1758);249153;941565.87458605;6432152.3675734;;2154;1;1983;103;1;Piège à Cloche Moustiquaire - LepiLed - Examen Macroscopique;54;13;3294
2;146;27/7/2017;1204;1204;Mythimna conigera (Denis & Schiffermüller, 1775);249546;941565.87458605;6432152.3675734;;2154;1;1983;103;1;Piège à Cloche Moustiquaire - LepiLed - Examen Macroscopique;54;13;3295
2;146;27/7/2017;1204;1204;Hadena compta (Denis & Schiffermüller, 1775);249478;941565.87458605;6432152.3675734;;2154;1;1983;103;1;Piège à Cloche Moustiquaire - LepiLed - Examen Macroscopique;54;13;3296
2;146;27/7/2017;1204;1204;Polia bombycina (Hufnagel, 1766);249448;941565.87458605;6432152.3675734;;2154;1;1983;103;1;Piège à Cloche Moustiquaire - LepiLed - Examen Macroscopique;54;13;3297
2;146;27/7/2017;1204;1204;Aplocera simpliciata (Treitschke, 1835);248538;941565.87458605;6432152.3675734;;2154;1;1983;103;1;Piège à Cloche Moustiquaire - LepiLed - Examen Macroscopique;54;13;3298
2;146;27/7/2017;1204;1204;Chersotis ocellina (Denis & Schiffermüller, 1775);249274;941565.87458605;6432152.3675734;;2154;1;1983;103;1;Piège à Cloche Moustiquaire - LepiLed - Examen Macroscopique;54;13;3299
2;146;27/7/2017;1204;1204;Bryophila galathea Millière, 1875;719635;941565.87458605;6432152.3675734;;2154;1;1983;103;1;Piège à Cloche Moustiquaire - LepiLed - Examen Macroscopique;54;13;3300
2;146;27/7/2017;1204;1204;Diarsia mendica (Fabricius, 1775);249265;941565.87458605;6432152.3675734;;2154;1;1983;103;1;Piège à Cloche Moustiquaire - LepiLed - Examen Macroscopique;54;13;3301
2;146;27/7/2017;1204;1204;Eilema caniola (Hübner, 1808);249098;941565.87458605;6432152.3675734;;2154;1;1983;103;1;Piège à Cloche Moustiquaire - LepiLed - Examen Macroscopique;54;13;3302
2;146;27/7/2017;1204;1204;Leucania comma (Linnaeus, 1761);249563;941565.87458605;6432152.3675734;;2154;1;1983;103;1;Piège à Cloche Moustiquaire - LepiLed - Examen Macroscopique;54;13;3303
2;146;27/7/2017;1204;1204;Apamea lateritia (Hufnagel, 1766);249392;941565.87458605;6432152.3675734;;2154;1;1983;103;1;Piège à Cloche Moustiquaire - LepiLed - Examen Macroscopique;54;13;3304
2;146;27/7/2017;1204;1204;Dysstroma truncata (Hufnagel, 1767);248567;941565.87458605;6432152.3675734;;2154;1;1983;103;1;Piège à Cloche Moustiquaire - LepiLed - Examen Macroscopique;54;13;3305
2;146;27/7/2017;1204;1204;Mesotype verberata (Scopoli, 1763);248729;941565.87458605;6432152.3675734;;2154;1;1983;103;1;Piège à Cloche Moustiquaire - LepiLed - Examen Macroscopique;54;13;3306
2;146;27/7/2017;1204;1204;Arctia caja (Linnaeus, 1758);249053;941565.87458605;6432152.3675734;;2154;1;1983;103;1;Piège à Cloche Moustiquaire - LepiLed - Examen Macroscopique;54;13;3307
2;146;27/7/2017;1204;1204;Arctia flavia (Fuessly, 1779);249054;941565.87458605;6432152.3675734;;2154;1;1983;103;1;Piège à Cloche Moustiquaire - LepiLed - Examen Macroscopique;54;13;3308
2;146;27/7/2017;1204;1204;Euxoa culminicola (Staudinger, 1870);249167;941565.87458605;6432152.3675734;;2154;1;1983;103;1;Piège à Cloche Moustiquaire - LepiLed - Examen Macroscopique;54;13;3309
2;146;27/7/2017;1204;1204;Xestia ashworthii (Doubleday, 1855);249222;941565.87458605;6432152.3675734;;2154;1;1983;103;1;Piège à Cloche Moustiquaire - LepiLed - Examen Macroscopique;54;13;3310
2;146;27/7/2017;1204;1204;Noctua pronuba (Linnaeus, 1758);249246;941565.87458605;6432152.3675734;;2154;1;1983;103;1;Piège à Cloche Moustiquaire - LepiLed - Examen Macroscopique;54;13;3311
2;146;27/7/2017;1204;1204;Selenia dentaria (Fabricius, 1775);248924;941565.87458605;6432152.3675734;;2154;1;1983;103;1;Piège à Cloche Moustiquaire - LepiLed - Examen Macroscopique;54;13;3312
2;146;27/7/2017;1204;1204;Lomaspilis marginata (Linnaeus, 1758);248922;941565.87458605;6432152.3675734;;2154;1;1983;103;1;Piège à Cloche Moustiquaire - LepiLed - Examen Macroscopique;54;13;3313
2;146;3/7/2017;1204;1204;Apamea furva (Denis & Schiffermüller, 1775);249393;939851.55116935;6432668.3590426;;2154;1;2615;103;1;Piège à Cloche Moustiquaire - Dmerc 125W - Examen Macroscopique;54;13;3314
2;146;3/7/2017;1204;1204;Rhyacia helvetina (Boisduval, 1833);249243;939851.55116935;6432668.3590426;;2154;1;2615;103;1;Piège à Cloche Moustiquaire - Dmerc 125W - Genitalia;54;13;3315
2;146;3/7/2017;1204;1204;Euxoa culminicola (Staudinger, 1870);249167;939851.55116935;6432668.3590426;;2154;1;2615;103;1;Piège à Cloche Moustiquaire - Dmerc 125W - Genitalia;54;13;3316
2;146;3/7/2017;1204;1204;Hadena caesia (Denis & Schiffermüller, 1775);249485;939851.55116935;6432668.3590426;;2154;1;2615;103;1;Piège à Cloche Moustiquaire - Dmerc 125W - Examen Macroscopique;54;13;3317
2;146;3/7/2017;1204;1204;Leucania comma (Linnaeus, 1761);249563;939851.55116935;6432668.3590426;;2154;1;2615;103;1;Piège à Cloche Moustiquaire - Dmerc 125W - Genitalia;54;13;3318
2;146;3/7/2017;1204;1204;Entephria nobiliaria (Herrich-Schäffer, 1852);248699;939851.55116935;6432668.3590426;;2154;1;2615;103;4;Piège à Cloche Moustiquaire - Dmerc 125W - Genitalia;54;13;3319
2;146;3/7/2017;1204;1204;Entephria flavicinctata (Hübner, 1813);248701;939851.55116935;6432668.3590426;;2154;1;2615;103;3;Piège à Cloche Moustiquaire - Dmerc 125W - Genitalia;54;13;3320
2;146;3/7/2017;1204;1204;Epirrhoe molluginata (Hübner, 1813);248774;939851.55116935;6432668.3590426;;2154;1;2615;103;1;Piège à Cloche Moustiquaire - Dmerc 125W - Genitalia;54;13;3321
2;146;3/7/2017;1204;1204;Coenotephria salicata (Denis & Schiffermüller, 1775);248578;939851.55116935;6432668.3590426;;2154;1;2615;103;1;Piège à Cloche Moustiquaire - Dmerc 125W - Genitalia;54;13;3322
2;146;3/7/2017;1204;1204;Eupithecia lariciata (Freyer, 1841);248632;939851.55116935;6432668.3590426;;2154;1;2615;103;2;Piège à Cloche Moustiquaire - Dmerc 125W - Genitalia;54;13;3323
2;146;3/7/2017;1204;1204;Elophos caelibaria (Heydenreich, 1851);248948;939851.55116935;6432668.3590426;;2154;1;2615;103;1;Piège à Cloche Moustiquaire - Dmerc 125W - Genitalia;54;13;3324
2;146;3/7/2017;1204;1204;Zeiraphera griseana (Hübner, 1799);247328;939851.55116935;6432668.3590426;;2154;1;2615;103;2;Piège à Cloche Moustiquaire - Dmerc 125W - Genitalia;54;13;3325
2;146;3/7/2017;1204;1204;Oidaematophorus rogenhoferi (Mann, 1871);247790;939851.55116935;6432668.3590426;;2154;1;2615;103;1;Piège à Cloche Moustiquaire - Dmerc 125W - Genitalia;54;13;3326
2;146;3/7/2017;1204;1204;Acompsia tripunctella (Denis & Schiffermüller, 1775);246639;939851.55116935;6432668.3590426;;2154;1;2615;103;2;Piège à Cloche Moustiquaire - Dmerc 125W - Genitalia;54;13;3327
2;146;3/7/2017;1204;1204;Pyrausta aerealis (Hübner, 1793);248156;939851.55116935;6432668.3590426;;2154;1;2615;103;1;Piège à Cloche Moustiquaire - Dmerc 125W - Genitalia;54;13;3328
2;146;3/7/2017;1204;1204;Eana penziana (Thunberg, 1791);247670;939851.55116935;6432668.3590426;;2154;1;2615;103;2;Piège à Cloche Moustiquaire - Dmerc 125W - Genitalia;54;13;3329
2;146;3/7/2017;1204;1204;Sattleria melaleucella (Constant, 1865);246885;939851.55116935;6432668.3590426;;2154;1;2615;103;1;Piège à Cloche Moustiquaire - Dmerc 125W - Genitalia;54;13;3330
2;146;3/7/2017;1204;1204;Argyresthia conjugella Zeller, 1839;245741;939851.55116935;6432668.3590426;;2154;1;2615;103;3;Piège à Cloche Moustiquaire - Dmerc 125W - Genitalia;54;13;3331
2;146;3/7/2017;1204;1204;Plutella xylostella (Linnaeus, 1758);245818;939851.55116935;6432668.3590426;;2154;1;2615;103;3;Piège à Cloche Moustiquaire - Dmerc 125W - Genitalia;54;13;3332
2;146;3/7/2017;1204;1204;Caryocolum interalbicella (Herrich-Schäffer, 1854);246911;939851.55116935;6432668.3590426;;2154;1;2615;103;1;Piège à Cloche Moustiquaire - Dmerc 125W - Genitalia;54;13;3333
2;146;3/7/2017;1204;1204;Coleophora nubivagella Zeller, 1849;246495;939851.55116935;6432668.3590426;;2154;1;2615;103;1;Piège à Cloche Moustiquaire - Dmerc 125W - Genitalia;54;13;3334
2;146;3/7/2017;1204;1204;Ypsolopha ustella (Clerck, 1759);245810;939851.55116935;6432668.3590426;;2154;1;2615;103;1;Piège à Cloche Moustiquaire - Dmerc 125W - Genitalia;54;13;3335
2;146;4/7/2017;1204;1204;Orenaia alpestralis (Fabricius, 1787);248199;939846;6432550;;2154;1;2635.82007;103;1;Observation directe/Capture au filet à papillon - Jour - Genitalia;54;13;3336
2;146;4/7/2017;1204;1204;Catoptria luctiferella (Hübner, 1813);248270;939851;6432660;;2154;1;2608.45996;103;1;Observation directe/Capture au filet à papillon - Jour - Genitalia;54;13;3337
2;146;4/7/2017;1204;1204;Orenaia alpestralis (Fabricius, 1787);248199;939842;6432601;;2154;1;2628.8999;103;1;Observation directe/Capture au filet à papillon - Jour - Genitalia;54;13;3338
2;146;4/7/2017;1204;1204;Pyrgus cacaliae (Rambur, 1839);53264;940152;6432572;;2154;1;2489.90991;103;1;Observation directe/Capture au filet à papillon - Jour - Genitalia;54;13;3339
2;146;4/7/2017;1204;1204;Pyrausta aerealis (Hübner, 1793);248156;939868;6432633;;2154;1;2567.66992;103;1;Observation directe/Capture au filet à papillon - Jour - Genitalia;54;13;3340
2;146;4/7/2017;1204;1204;Glacies canaliculata (Hochenwarth, 1785);248941;940100;6432415;;2154;1;2549.58008;103;1;Observation directe/Capture au filet à papillon - Jour - Genitalia;54;13;3341
2;146;4/7/2017;1204;1204;Metaxmeste phrygialis (Hübner, 1796);248218;939996;6432655;;2154;1;2539.65991;103;1;Observation directe/Capture au filet à papillon - Jour - Genitalia;54;13;3342
2;146;4/7/2017;1204;1204;Pontia callidice (Hübner, 1800);54366;939858;6432627;;2154;1;2628.8999;103;1;Observation directe/Capture au filet à papillon - Jour - Examen Macroscopique;54;13;3343
2;146;4/7/2017;1204;1204;Setina aurita (Esper, 1787);249090;939866;6432658;;2154;1;2596.51001;103;1;Observation directe/Capture au filet à papillon - Jour - Examen Macroscopique;54;13;3344
2;146;4/7/2017;1204;1204;Pontia callidice (Hübner, 1800);54366;939998;6432652;;2154;1;2539.65991;103;1;Observation directe/Capture au filet à papillon - Jour - Examen Macroscopique;54;13;3345
2;146;4/7/2017;1204;1204;Boloria euphrosyne (Linnaeus, 1758);219815;939998;6432660;;2154;1;2539.65991;103;1;Observation directe/Capture au filet à papillon - Jour - Examen Macroscopique;54;13;3346
2;146;4/7/2017;1204;1204;Boloria euphrosyne (Linnaeus, 1758);219815;940014;6432513;;2154;1;2536.59009;103;1;Observation directe/Capture au filet à papillon - Jour - Examen Macroscopique;54;13;3347
2;146;4/7/2017;1204;1204;Pontia callidice (Hübner, 1800);54366;940036;6432512;;2154;1;2536.59009;103;1;Observation directe/Capture au filet à papillon - Jour - Examen Macroscopique;54;13;3348
2;146;4/7/2017;1204;1204;Setina aurita (Esper, 1787);249090;939925;6432636;;2154;1;2567.66992;103;1;Observation directe/Capture au filet à papillon - Jour - Examen Macroscopique;54;13;3349
2;146;4/7/2017;1204;1204;Metaxmeste phrygialis (Hübner, 1796);248218;939926;6432629;;2154;1;2567.66992;103;1;Observation directe/Capture au filet à papillon - Jour - Examen Macroscopique;54;13;3350
2;146;4/7/2017;1204;1204;Boloria graeca (Staudinger, 1870);53928;939931;6432629;;2154;1;2567.66992;103;1;Observation directe/Capture au filet à papillon - Jour - Examen Macroscopique;54;13;3351
2;146;4/7/2017;1204;1204;Aglais urticae (Linnaeus, 1758);53754;940029;6432655;;2154;1;2497.18994;103;1;Observation directe/Capture au filet à papillon - Jour - Examen Macroscopique;54;13;3352
2;146;4/7/2017;1204;1204;Pontia callidice (Hübner, 1800);54366;940049;6432649;;2154;1;2497.18994;103;1;Observation directe/Capture au filet à papillon - Jour - Examen Macroscopique;54;13;3353
2;146;4/7/2017;1204;1204;Parasemia plantaginis (Linnaeus, 1758);249072;940153;6432603;;2154;1;2489.90991;103;1;Observation directe/Capture au filet à papillon - Jour - Examen Macroscopique;54;13;3354
2;146;4/7/2017;1204;1204;Erebia pandrose (Borkhausen, 1788);53576;940146;6432605;;2154;1;2489.90991;103;1;Observation directe/Capture au filet à papillon - Jour - Examen Macroscopique;54;13;3355
2;146;4/7/2017;1204;1204;Boloria pales (Denis & Schiffermüller, 1775);53918;940090;6432515;;2154;1;2506.69995;103;1;Observation directe/Capture au filet à papillon - Jour - Examen Macroscopique;54;13;3356
2;146;4/7/2017;1204;1204;Papilio machaon Linnaeus, 1758;54468;940057;6432485;;2154;1;2577.09009;103;1;Observation directe/Capture au filet à papillon - Jour - Examen Macroscopique;54;13;3357
2;146;4/7/2017;1204;1204;Erebia pandrose (Borkhausen, 1788);53576;940063;6432448;;2154;1;2577.09009;103;1;Observation directe/Capture au filet à papillon - Jour - Examen Macroscopique;54;13;3358
2;146;4/7/2017;1204;1204;Papilio machaon Linnaeus, 1758;54468;940075;6432440;;2154;1;2577.09009;103;1;Observation directe/Capture au filet à papillon - Jour - Examen Macroscopique;54;13;3359
2;146;4/7/2017;1204;1204;Boloria pales (Denis & Schiffermüller, 1775);53918;940096;6432415;;2154;1;2549.58008;103;1;Observation directe/Capture au filet à papillon - Jour - Examen Macroscopique;54;13;3360
2;146;4/7/2017;1204;1204;Polyommatus icarus (Rottemburg, 1775);54279;940068;6432425;;2154;1;2577.09009;103;1;Observation directe/Capture au filet à papillon - Jour - Examen Macroscopique;54;13;3361
2;146;4/7/2017;1204;1204;Boloria graeca (Staudinger, 1870);53928;940074;6432432;;2154;1;2577.09009;103;1;Observation directe/Capture au filet à papillon - Jour - Examen Macroscopique;54;13;3362
2;146;4/7/2017;1204;1204;Boloria pales (Denis & Schiffermüller, 1775);53918;939988;6432480;;2154;1;2598.02002;103;1;Observation directe/Capture au filet à papillon - Jour - Examen Macroscopique;54;13;3363
2;146;4/7/2017;1204;1204;Erebia pluto (Prunner, 1798);647144;939991;6432476;;2154;1;2598.02002;103;1;Observation directe/Capture au filet à papillon - Jour - Examen Macroscopique;54;13;3364
2;146;4/7/2017;1204;1204;Pontia callidice (Hübner, 1800);54366;939908;6432535;;2154;1;2587.83008;103;1;Observation directe/Capture au filet à papillon - Jour - Examen Macroscopique;54;13;3365
2;146;4/7/2017;1204;1204;Aglais urticae (Linnaeus, 1758);53754;939906;6432532;;2154;1;2587.83008;103;1;Observation directe/Capture au filet à papillon - Jour - Examen Macroscopique;54;13;3366
2;146;4/7/2017;1204;1204;Boloria euphrosyne (Linnaeus, 1758);219815;939844;6432607;;2154;1;2628.8999;103;1;Observation directe/Capture au filet à papillon - Jour - Examen Macroscopique;54;13;3367
2;146;4/7/2017;1204;1204;Zygaena exulans (Hohenwarth, 1792);247050;939856;6432638;;2154;1;2608.45996;103;1;Observation directe/Capture au filet à papillon - Jour - Examen Macroscopique;54;13;3368
2;146;4/7/2017;1204;1204;Zygaena exulans (Hohenwarth, 1792);247050;939897;6432634;;2154;1;2567.66992;103;1;Observation directe/Capture au filet à papillon - Jour - Examen Macroscopique;54;13;3369
2;146;4/7/2017;1204;1204;Aglais urticae (Linnaeus, 1758);53754;939891;6432637;;2154;1;2567.66992;103;1;Observation directe/Capture au filet à papillon - Jour - Examen Macroscopique;54;13;3370
2;146;4/7/2017;1204;1204;Cyaniris semiargus (Rottemburg, 1775);54213;939893;6432635;;2154;1;2567.66992;103;1;Observation directe/Capture au filet à papillon - Jour - Examen Macroscopique;54;13;3371
2;146;27/7/2017;1204;1204;Macaria fusca (Thunberg, 1792);781697;942491;6432747;;2154;1;2747.32007;103;1;Observation directe/Capture au filet à papillon - Jour - Examen Macroscopique;54;13;3372
2;146;27/7/2017;1204;1204;Setina aurita (Esper, 1787);249090;942485;6432712;;2154;1;2781.42993;103;1;Observation directe/Capture au filet à papillon - Jour - Examen Macroscopique;54;13;3373
2;146;27/7/2017;1204;1204;Setina aurita (Esper, 1787);249090;942479;6432705;;2154;1;2781.42993;103;1;Observation directe/Capture au filet à papillon - Jour - Examen Macroscopique;54;13;3374
2;146;4/7/2017;1204;1204;Pyrausta aerealis (Hübner, 1793);248156;940746.99769533;6434167.9465494;;2154;1;1942;103;1;Piège à Cloche Moustiquaire - Dmerc 125W - Examen Macroscopique;54;13;3375
2;146;4/7/2017;1204;1204;Merrifieldia leucodactyla (Denis & Schiffermüller, 1775);247800;940746.99769533;6434167.9465494;;2154;1;1942;103;2;Piège à Cloche Moustiquaire - Dmerc 125W - Genitalia;54;13;3376
2;146;4/7/2017;1204;1204;Udea austriacalis (Herrich-Schäffer, 1851);248186;940746.99769533;6434167.9465494;;2154;1;1942;103;1;Piège à Cloche Moustiquaire - Dmerc 125W - Genitalia;54;13;3377
2;146;4/7/2017;1204;1204;Eana argentana (Clerck, 1759);247659;940746.99769533;6434167.9465494;;2154;1;1942;103;1;Piège à Cloche Moustiquaire - Dmerc 125W - Genitalia;54;13;3378
2;146;4/7/2017;1204;1204;Catoptria pyramidellus (Treitschke, 1832);248268;940746.99769533;6434167.9465494;;2154;1;1942;103;1;Piège à Cloche Moustiquaire - Dmerc 125W - Genitalia;54;13;3379
2;146;4/7/2017;1204;1204;Catoptria speculalis Hübner, 1825;248267;940746.99769533;6434167.9465494;;2154;1;1942;103;1;Piège à Cloche Moustiquaire - Dmerc 125W - Genitalia;54;13;3380
2;146;4/7/2017;1204;1204;Notocelia cynosbatella (Linnaeus, 1758);247261;940746.99769533;6434167.9465494;;2154;1;1942;103;1;Piège à Cloche Moustiquaire - Dmerc 125W - Genitalia;54;13;3381
2;146;4/7/2017;1204;1204;Acompsia tripunctella (Denis & Schiffermüller, 1775);246639;940746.99769533;6434167.9465494;;2154;1;1942;103;1;Piège à Cloche Moustiquaire - Dmerc 125W - Genitalia;54;13;3382
2;146;4/7/2017;1204;1204;Scoparia conicella (La Harpe, 1863);248356;940746.99769533;6434167.9465494;;2154;1;1942;103;2;Piège à Cloche Moustiquaire - Dmerc 125W - Genitalia;54;13;3383
2;146;4/7/2017;1204;1204;Crambus lathoniellus (Zincken, 1817);248311;940746.99769533;6434167.9465494;;2154;1;1942;103;1;Piège à Cloche Moustiquaire - Dmerc 125W - Genitalia;54;13;3384
2;146;4/7/2017;1204;1204;Metzneria ehikeella Gozmány, 1954;246726;940746.99769533;6434167.9465494;;2154;1;1942;103;3;Piège à Cloche Moustiquaire - Dmerc 125W - Genitalia;54;13;3385
2;146;4/7/2017;1204;1204;Lathronympha strigana (Fabricius, 1775);247437;940746.99769533;6434167.9465494;;2154;1;1942;103;2;Piège à Cloche Moustiquaire - Dmerc 125W - Genitalia;54;13;3386
2;146;4/7/2017;1204;1204;Mompha miscella (Denis & Schiffermüller, 1775);246531;940746.99769533;6434167.9465494;;2154;1;1942;103;1;Piège à Cloche Moustiquaire - Dmerc 125W - Genitalia;54;13;3387
2;146;4/7/2017;1204;1204;Teleiopsis bagriotella (Duponchel, 1840);246793;940746.99769533;6434167.9465494;;2154;1;1942;103;1;Piège à Cloche Moustiquaire - Dmerc 125W - Genitalia;54;13;3388
2;146;4/7/2017;1204;1204;Denisia nubilosella (Herrich-Schäffer, 1854);246199;940746.99769533;6434167.9465494;;2154;1;1942;103;1;Piège à Cloche Moustiquaire - Dmerc 125W - Genitalia;54;13;3389
2;146;4/7/2017;1204;1204;Scrobipalpa samadensis (Pfaffenzeller, 1870);246967;940746.99769533;6434167.9465494;;2154;1;1942;103;1;Piège à Cloche Moustiquaire - Dmerc 125W - Genitalia;54;13;3390
2;146;4/7/2017;1204;1204;Cochylis pallidana Zeller, 1847;247519;940746.99769533;6434167.9465494;;2154;1;1942;103;1;Piège à Cloche Moustiquaire - Dmerc 125W - Genitalia;54;13;3391
2;146;4/7/2017;1204;1204;Argyresthia conjugella Zeller, 1839;245741;940746.99769533;6434167.9465494;;2154;1;1942;103;1;Piège à Cloche Moustiquaire - Dmerc 125W - Genitalia;54;13;3392
2;146;4/7/2017;1204;1204;Infurcitinea roesslerella (Heyden, 1865);245435;940746.99769533;6434167.9465494;;2154;1;1942;103;1;Piège à Cloche Moustiquaire - Dmerc 125W - Genitalia;54;13;3393
2;146;4/7/2017;1204;1204;Eupithecia pulchellata Stephens, 1831;248601;940746.99769533;6434167.9465494;;2154;1;1942;103;1;Piège à Cloche Moustiquaire - Dmerc 125W - Genitalia;54;13;3394
2;146;4/7/2017;1204;1204;Eilema cereola (Hübner, 1803);784526;940746.99769533;6434167.9465494;;2154;1;1942;103;1;Piège à Cloche Moustiquaire - Dmerc 125W - Genitalia;54;13;3395
2;146;4/7/2017;1204;1204;Eupithecia subumbrata (Denis & Schiffermüller, 1775);248685;940746.99769533;6434167.9465494;;2154;1;1942;103;2;Piège à Cloche Moustiquaire - Dmerc 125W - Genitalia;54;13;3396
2;146;4/7/2017;1204;1204;Eupithecia absinthiata (Clerck, 1759);248665;940746.99769533;6434167.9465494;;2154;1;1942;103;1;Piège à Cloche Moustiquaire - Dmerc 125W - Genitalia;54;13;3397
2;146;4/7/2017;1204;1204;Cucullia umbratica (Linnaeus, 1758);249707;940746.99769533;6434167.9465494;;2154;1;1942;103;1;Piège à Cloche Moustiquaire - Dmerc 125W - Genitalia;54;13;3398
2;146;4/7/2017;1204;1204;Entephria caesiata (Denis & Schiffermüller, 1775);248704;940746.99769533;6434167.9465494;;2154;1;1942;103;1;Piège à Cloche Moustiquaire - Dmerc 125W - Examen Macroscopique;54;13;3399
2;146;4/7/2017;1204;1204;Charissa glaucinaria (Hübner, 1799);458686;940746.99769533;6434167.9465494;;2154;1;1942;103;1;Piège à Cloche Moustiquaire - Dmerc 125W - Genitalia;54;13;3400
2;146;4/7/2017;1204;1204;Charissa ambiguata (Duponchel, 1930);781812;940746.99769533;6434167.9465494;;2154;1;1942;103;1;Piège à Cloche Moustiquaire - Dmerc 125W - Genitalia;54;13;3401
2;146;4/7/2017;1204;1204;Coenotephria tophaceata (Denis & Schiffermüller, 1775);248580;940746.99769533;6434167.9465494;;2154;1;1942;103;1;Piège à Cloche Moustiquaire - Dmerc 125W - Genitalia;54;13;3402
2;146;4/7/2017;1204;1204;Scopula incanata (Linnaeus, 1758);248507;940746.99769533;6434167.9465494;;2154;1;1942;103;1;Piège à Cloche Moustiquaire - Dmerc 125W - Genitalia;54;13;3403
2;146;4/7/2017;1204;1204;Hoplodrina respersa (Denis & Schiffermüller, 1775);249429;940746.99769533;6434167.9465494;;2154;1;1942;103;1;Piège à Cloche Moustiquaire - Dmerc 125W - Genitalia;54;13;3404
2;146;4/7/2017;1204;1204;Hadena caesia (Denis & Schiffermüller, 1775);249485;940746.99769533;6434167.9465494;;2154;1;1942;103;3;Piège à Cloche Moustiquaire - Dmerc 125W - Examen Macroscopique;54;13;3405
2;146;4/7/2017;1204;1204;Lasionycta proxima (Hübner, 1809);249456;940746.99769533;6434167.9465494;;2154;1;1942;103;1;Piège à Cloche Moustiquaire - Dmerc 125W - Examen Macroscopique;54;13;3406
2;146;4/7/2017;1204;1204;Standfussiana lucernea (Linnaeus, 1758);249238;940746.99769533;6434167.9465494;;2154;1;1942;103;1;Piège à Cloche Moustiquaire - Dmerc 125W - Examen Macroscopique;54;13;3407
2;146;4/7/2017;1204;1204;Pempeliella ornatella (Denis & Schiffermüller, 1775);248032;940746.99769533;6434167.9465494;;2154;1;1942;103;1;Piège à Cloche Moustiquaire - Dmerc 125W - Genitalia;54;13;3408
2;146;4/7/2017;1204;1204;Hoplodrina octogenaria (Goeze, 1781);249425;940746.99769533;6434167.9465494;;2154;1;1942;103;1;Piège à Cloche Moustiquaire - Dmerc 125W - Genitalia;54;13;3409
